1648628,"chr1",0
1648681,"chr1",0
3501591,"chr1",0
4043918,"chr1",0
5190935,"chr1",1
8697392,"chr1",1
10743686,"chr1",2
11968860,"chr1",2
13203549,"chr1",2
16594003,"chr1",3
16689553,"chr1",3
16793954,"chr1",3
22834008,"chr1",4
22834011,"chr1",4
24149943,"chr1",4
25263493,"chr1",5
25392866,"chr1",5
29059322,"chr1",5
32329007,"chr1",6
32720429,"chr1",6
32848383,"chr1",6
37459082,"chr1",7
37879024,"chr1",7
40246985,"chr1",8
40507197,"chr1",8
41727333,"chr1",8
47974248,"chr1",9
47974258,"chr1",9
48738843,"chr1",9
49814644,"chr1",9
52094951,"chr1",10
54431770,"chr1",10
54477001,"chr1",10
54927242,"chr1",10
56300267,"chr1",11
56445486,"chr1",11
59164153,"chr1",11
61149973,"chr1",12
62924152,"chr1",12
63808855,"chr1",12
64415132,"chr1",12
64750322,"chr1",12
65699680,"chr1",13
65958752,"chr1",13
66819745,"chr1",13
70322753,"chr1",14
71026915,"chr1",14
71234449,"chr1",14
71525796,"chr1",14
71525799,"chr1",14
72185253,"chr1",14
75161806,"chr1",15
77753744,"chr1",15
80537516,"chr1",16
82123619,"chr1",16
82297923,"chr1",16
83192896,"chr1",16
83353945,"chr1",16
84588030,"chr1",16
87468001,"chr1",17
87921196,"chr1",17
88905586,"chr1",17
89695680,"chr1",17
90027268,"chr1",18
90298508,"chr1",18
94582820,"chr1",18
97685893,"chr1",19
98238379,"chr1",19
98663269,"chr1",19
101634671,"chr1",20
102438503,"chr1",20
102550432,"chr1",20
102550437,"chr1",20
102663397,"chr1",20
102916098,"chr1",20
104210080,"chr1",20
104435263,"chr1",20
105035297,"chr1",21
107637619,"chr1",21
108337230,"chr1",21
111421826,"chr1",22
111596231,"chr1",22
111657983,"chr1",22
112319581,"chr1",22
112765016,"chr1",22
112799907,"chr1",22
114578373,"chr1",22
116769780,"chr1",23
119468444,"chr1",23
120536096,"chr1",24
121776065,"chr1",24
121908901,"chr1",24
122416368,"chr1",24
122514385,"chr1",24
122522480,"chr1",24
122523644,"chr1",24
122569632,"chr1",24
122569645,"chr1",24
122580258,"chr1",24
122584686,"chr1",24
122610904,"chr1",24
122628849,"chr1",24
122670836,"chr1",24
122685791,"chr1",24
122750206,"chr1",24
122781530,"chr1",24
122790958,"chr1",24
122849505,"chr1",24
122859063,"chr1",24
122859066,"chr1",24
122865155,"chr1",24
122865160,"chr1",24
122901245,"chr1",24
122943403,"chr1",24
122985502,"chr1",24
123042417,"chr1",24
123043904,"chr1",24
123059935,"chr1",24
123113220,"chr1",24
123127148,"chr1",24
123214381,"chr1",24
123226873,"chr1",24
123232494,"chr1",24
123270599,"chr1",24
123325659,"chr1",24
123337050,"chr1",24
123338601,"chr1",24
123484036,"chr1",24
123485412,"chr1",24
123551504,"chr1",24
123592680,"chr1",24
123603416,"chr1",24
123613903,"chr1",24
123630504,"chr1",24
123644165,"chr1",24
123715539,"chr1",24
123802798,"chr1",24
123817687,"chr1",24
123850024,"chr1",24
123861180,"chr1",24
123861185,"chr1",24
123862208,"chr1",24
123875108,"chr1",24
123921346,"chr1",24
123925181,"chr1",24
123934323,"chr1",24
123972678,"chr1",24
124021399,"chr1",24
124028638,"chr1",24
124039769,"chr1",24
124041804,"chr1",24
124043740,"chr1",24
124080151,"chr1",24
124135792,"chr1",24
124144897,"chr1",24
124173925,"chr1",24
124177021,"chr1",24
124198874,"chr1",24
124198881,"chr1",24
124210206,"chr1",24
124299531,"chr1",24
124310199,"chr1",24
124359321,"chr1",24
124372927,"chr1",24
124430202,"chr1",24
124430456,"chr1",24
124430579,"chr1",24
124497809,"chr1",24
124511252,"chr1",24
124546917,"chr1",24
124565231,"chr1",24
124571906,"chr1",24
124571908,"chr1",24
124580921,"chr1",24
124580991,"chr1",24
124601892,"chr1",24
124633742,"chr1",24
124634840,"chr1",24
124634846,"chr1",24
124644032,"chr1",24
124826135,"chr1",24
124921371,"chr1",24
124921373,"chr1",24
143245369,"chr1",28
145227297,"chr1",29
149664980,"chr1",29
151275715,"chr1",30
151479934,"chr1",30
151479939,"chr1",30
152348397,"chr1",30
152639595,"chr1",30
153216957,"chr1",30
153723412,"chr1",30
155731280,"chr1",31
156576342,"chr1",31
156838388,"chr1",31
156859284,"chr1",31
157054657,"chr1",31
158050767,"chr1",31
160003350,"chr1",32
160392191,"chr1",32
161316731,"chr1",32
166261283,"chr1",33
167408051,"chr1",33
168876701,"chr1",33
169253958,"chr1",33
169336582,"chr1",33
169336600,"chr1",33
169688491,"chr1",33
170881557,"chr1",34
171193897,"chr1",34
171258724,"chr1",34
173341220,"chr1",34
177952439,"chr1",35
179080087,"chr1",35
179359678,"chr1",35
179388801,"chr1",35
180356424,"chr1",36
180563967,"chr1",36
180612074,"chr1",36
180618338,"chr1",36
182215247,"chr1",36
184231836,"chr1",36
184482000,"chr1",36
184881301,"chr1",36
185414005,"chr1",37
185943621,"chr1",37
186061821,"chr1",37
186061824,"chr1",37
186105290,"chr1",37
187009376,"chr1",37
187179338,"chr1",37
187682859,"chr1",37
187762646,"chr1",37
187856148,"chr1",37
188147468,"chr1",37
191824656,"chr1",38
192636339,"chr1",38
192738037,"chr1",38
193387242,"chr1",38
193732690,"chr1",38
193937399,"chr1",38
193937401,"chr1",38
194987408,"chr1",38
195109523,"chr1",39
196758047,"chr1",39
196773670,"chr1",39
198127418,"chr1",39
199976352,"chr1",39
200673031,"chr1",40
201275650,"chr1",40
201622214,"chr1",40
203731870,"chr1",40
203934310,"chr1",40
206845551,"chr1",41
207481363,"chr1",41
207732028,"chr1",41
208497111,"chr1",41
210451601,"chr1",42
210816838,"chr1",42
210910312,"chr1",42
211185291,"chr1",42
211237351,"chr1",42
211921108,"chr1",42
212211784,"chr1",42
212641321,"chr1",42
213774902,"chr1",42
215141920,"chr1",43
215230509,"chr1",43
215462494,"chr1",43
215644833,"chr1",43
216130840,"chr1",43
217032242,"chr1",43
217068367,"chr1",43
219270563,"chr1",43
220090947,"chr1",44
220292226,"chr1",44
221328703,"chr1",44
221417446,"chr1",44
221764879,"chr1",44
221877823,"chr1",44
222132842,"chr1",44
222368218,"chr1",44
224929863,"chr1",44
226292799,"chr1",45
227800403,"chr1",45
228021371,"chr1",45
228070195,"chr1",45
229406610,"chr1",45
230701490,"chr1",46
231779547,"chr1",46
231894933,"chr1",46
231979614,"chr1",46
233605579,"chr1",46
233854148,"chr1",46
234048120,"chr1",46
236755722,"chr1",47
237284677,"chr1",47
237753640,"chr1",47
238147581,"chr1",47
238609814,"chr1",47
238943579,"chr1",47
239667564,"chr1",47
239683874,"chr1",47
239937303,"chr1",47
240730581,"chr1",48
241002304,"chr1",48
242774538,"chr1",48
242991097,"chr1",48
243046702,"chr1",48
243233749,"chr1",48
245196893,"chr1",49
245279734,"chr1",49
245820199,"chr1",49
245839959,"chr1",49
245858078,"chr1",49
247875895,"chr1",49
248426652,"chr1",49
248551885,"chr1",49
248633257,"chr1",49
248766433,"chr1",49
10616,"chr10",340
668009,"chr10",340
5028110,"chr10",341
8646853,"chr10",341
8690879,"chr10",341
8824898,"chr10",341
10773255,"chr10",342
12351485,"chr10",342
14467436,"chr10",342
15859287,"chr10",343
18889665,"chr10",343
20237013,"chr10",344
20633801,"chr10",344
21137759,"chr10",344
22508079,"chr10",344
22514540,"chr10",344
23560579,"chr10",344
24022028,"chr10",344
24022038,"chr10",344
24118719,"chr10",344
25232505,"chr10",345
28375041,"chr10",345
28603479,"chr10",345
28937853,"chr10",345
29019938,"chr10",345
29976096,"chr10",345
30664817,"chr10",346
31837817,"chr10",346
32115436,"chr10",346
32115442,"chr10",346
32216764,"chr10",346
32305916,"chr10",346
32633702,"chr10",346
33176353,"chr10",346
34147281,"chr10",346
37946470,"chr10",347
39975118,"chr10",347
40105599,"chr10",348
40105601,"chr10",348
40430107,"chr10",348
40915768,"chr10",348
41221906,"chr10",348
41519626,"chr10",348
41559585,"chr10",348
42069125,"chr10",348
42069131,"chr10",348
47453374,"chr10",349
47761142,"chr10",349
48467410,"chr10",349
49039251,"chr10",349
50537076,"chr10",350
51767347,"chr10",350
52416521,"chr10",350
52430645,"chr10",350
52642887,"chr10",350
53809935,"chr10",350
54794595,"chr10",350
54988165,"chr10",350
55195046,"chr10",351
56531081,"chr10",351
56592246,"chr10",351
56848636,"chr10",351
57309272,"chr10",351
58972063,"chr10",351
59172001,"chr10",351
61466106,"chr10",352
64457988,"chr10",352
64777431,"chr10",352
66812510,"chr10",353
68064822,"chr10",353
70487696,"chr10",354
71102710,"chr10",354
72726732,"chr10",354
75046112,"chr10",355
75198630,"chr10",355
75559793,"chr10",355
75758836,"chr10",355
76429041,"chr10",355
77309727,"chr10",355
77423323,"chr10",355
77992683,"chr10",355
78598806,"chr10",355
78598808,"chr10",355
79662679,"chr10",355
79814290,"chr10",355
82688754,"chr10",356
87933114,"chr10",357
90525352,"chr10",358
91646401,"chr10",358
92045300,"chr10",358
93699789,"chr10",358
94552811,"chr10",358
95678115,"chr10",359
95956695,"chr10",359
95977122,"chr10",359
97514029,"chr10",359
99802315,"chr10",359
99802318,"chr10",359
101526144,"chr10",360
102525688,"chr10",360
103796402,"chr10",360
104785592,"chr10",360
106337997,"chr10",361
108132214,"chr10",361
109224850,"chr10",361
110810816,"chr10",362
112369726,"chr10",362
112388719,"chr10",362
115207318,"chr10",363
115282806,"chr10",363
116194066,"chr10",363
117111106,"chr10",363
117111108,"chr10",363
119563905,"chr10",363
122528292,"chr10",364
124213308,"chr10",364
124592075,"chr10",364
124799276,"chr10",364
125046846,"chr10",365
126492280,"chr10",365
129564686,"chr10",365
130305695,"chr10",366
130473393,"chr10",366
130596455,"chr10",366
132284330,"chr10",366
132444302,"chr10",366
133212506,"chr10",366
175114,"chr11",367
670782,"chr11",367
849982,"chr11",367
1085843,"chr11",367
2283917,"chr11",367
3811677,"chr11",367
3811691,"chr11",367
4309501,"chr11",367
4694581,"chr11",367
5257514,"chr11",368
6280314,"chr11",368
6508212,"chr11",368
7291315,"chr11",368
9238854,"chr11",368
10831546,"chr11",369
14395638,"chr11",369
15520306,"chr11",370
15771220,"chr11",370
16491531,"chr11",370
17327361,"chr11",370
20537557,"chr11",371
20724662,"chr11",371
21041728,"chr11",371
21350367,"chr11",371
21575273,"chr11",371
21992134,"chr11",371
23297009,"chr11",371
23467561,"chr11",371
24372113,"chr11",371
26097635,"chr11",372
26315141,"chr11",372
26404947,"chr11",372
26893198,"chr11",372
27157195,"chr11",372
27609398,"chr11",372
27818214,"chr11",372
28983455,"chr11",372
29091289,"chr11",372
29548519,"chr11",372
30674633,"chr11",373
30949540,"chr11",373
33631517,"chr11",373
34929113,"chr11",373
35777175,"chr11",374
37720389,"chr11",374
37816872,"chr11",374
38139817,"chr11",374
38511521,"chr11",374
40800346,"chr11",375
41880347,"chr11",375
42839986,"chr11",375
43726280,"chr11",375
44310234,"chr11",375
44399716,"chr11",375
44741887,"chr11",375
45125072,"chr11",376
45753100,"chr11",376
46288343,"chr11",376
46959174,"chr11",376
47102306,"chr11",376
47513942,"chr11",376
47545918,"chr11",376
47685022,"chr11",376
47858239,"chr11",376
48429558,"chr11",376
49312679,"chr11",376
49776630,"chr11",376
50819225,"chr11",377
51996789,"chr11",377
52427668,"chr11",377
52694462,"chr11",377
52821672,"chr11",377
54769489,"chr11",377
54849603,"chr11",377
55276146,"chr11",378
55340770,"chr11",378
57804703,"chr11",378
60940708,"chr11",379
61170934,"chr11",379
61170937,"chr11",379
61565963,"chr11",379
61872422,"chr11",379
65677188,"chr11",380
66179938,"chr11",380
66334267,"chr11",380
67201236,"chr11",380
69338366,"chr11",380
69382645,"chr11",380
69415339,"chr11",380
71389994,"chr11",381
71390007,"chr11",381
71396154,"chr11",381
71464895,"chr11",381
71773145,"chr11",381
74526715,"chr11",381
79489310,"chr11",382
79751261,"chr11",382
79901652,"chr11",382
80668847,"chr11",383
83498777,"chr11",383
83849868,"chr11",383
85386292,"chr11",384
86200973,"chr11",384
88838906,"chr11",384
90102664,"chr11",385
90762637,"chr11",385
90949427,"chr11",385
91403208,"chr11",385
92610247,"chr11",385
92796439,"chr11",385
93155462,"chr11",385
93155467,"chr11",385
94562254,"chr11",385
94731339,"chr11",385
95645973,"chr11",386
97089684,"chr11",386
98733941,"chr11",386
101585491,"chr11",387
106131451,"chr11",388
106641813,"chr11",388
106641816,"chr11",388
107169882,"chr11",388
107507476,"chr11",388
107752302,"chr11",388
108803275,"chr11",388
108962654,"chr11",388
109692274,"chr11",388
110305090,"chr11",389
110575210,"chr11",389
110610433,"chr11",389
110610439,"chr11",389
112130940,"chr11",389
116121564,"chr11",390
119553447,"chr11",390
122323213,"chr11",391
122427215,"chr11",391
122467185,"chr11",391
127863712,"chr11",392
131519986,"chr11",393
131627236,"chr11",393
133743448,"chr11",393
134572856,"chr11",393
774227,"chr12",395
837641,"chr12",395
1659381,"chr12",395
1886318,"chr12",395
3094796,"chr12",395
4386868,"chr12",395
4733215,"chr12",395
5143699,"chr12",396
6918720,"chr12",396
6918722,"chr12",396
7412863,"chr12",396
7722619,"chr12",396
10554529,"chr12",397
12495451,"chr12",397
12888550,"chr12",397
13482172,"chr12",397
14179299,"chr12",397
16805517,"chr12",398
17239008,"chr12",398
17371821,"chr12",398
17371825,"chr12",398
18620646,"chr12",398
18675859,"chr12",398
20255628,"chr12",399
20475736,"chr12",399
20539106,"chr12",399
20847700,"chr12",399
20938075,"chr12",399
23132591,"chr12",399
23233323,"chr12",399
24035589,"chr12",399
25425862,"chr12",400
25925978,"chr12",400
27307564,"chr12",400
28127665,"chr12",400
29096119,"chr12",400
29995171,"chr12",400
30254155,"chr12",401
31749992,"chr12",401
31935604,"chr12",401
32592337,"chr12",401
33337184,"chr12",401
35234920,"chr12",402
35531496,"chr12",402
36192815,"chr12",402
36295184,"chr12",402
38631594,"chr12",402
41233785,"chr12",403
42590081,"chr12",403
43322141,"chr12",403
48319711,"chr12",404
48393911,"chr12",404
49794591,"chr12",404
50126822,"chr12",405
50760471,"chr12",405
52974736,"chr12",405
55050812,"chr12",406
56906855,"chr12",406
57647876,"chr12",406
58662862,"chr12",406
58825265,"chr12",406
59665764,"chr12",406
62281429,"chr12",407
62283866,"chr12",407
63739380,"chr12",407
64403361,"chr12",407
64947208,"chr12",407
66320199,"chr12",408
67048478,"chr12",408
67066913,"chr12",408
68748544,"chr12",408
68748547,"chr12",408
69127695,"chr12",408
70246337,"chr12",409
70246340,"chr12",409
72739334,"chr12",409
72739338,"chr12",409
73899892,"chr12",409
74014321,"chr12",409
74171905,"chr12",409
74222386,"chr12",409
76392246,"chr12",410
77829167,"chr12",410
78416955,"chr12",410
78930651,"chr12",410
83468816,"chr12",411
83571821,"chr12",411
84074439,"chr12",411
84770355,"chr12",411
84951411,"chr12",411
85240478,"chr12",412
86797517,"chr12",412
88188963,"chr12",412
88457384,"chr12",412
88457387,"chr12",412
91552677,"chr12",413
97128264,"chr12",414
103845865,"chr12",415
104594427,"chr12",415
106468425,"chr12",416
108360029,"chr12",416
109128767,"chr12",416
110382461,"chr12",417
111358921,"chr12",417
113187779,"chr12",417
113454113,"chr12",417
113757412,"chr12",417
114084153,"chr12",417
115017840,"chr12",418
115300015,"chr12",418
115862411,"chr12",418
116591396,"chr12",418
116591407,"chr12",418
116739907,"chr12",418
119099422,"chr12",418
119460639,"chr12",418
119563794,"chr12",418
120182173,"chr12",419
120877765,"chr12",419
121885479,"chr12",419
125214915,"chr12",420
125706452,"chr12",420
125813470,"chr12",420
126297713,"chr12",420
127110300,"chr12",420
127902090,"chr12",420
128078923,"chr12",420
128705016,"chr12",420
129206170,"chr12",420
129263021,"chr12",420
130380253,"chr12",421
131749358,"chr12",421
132476710,"chr12",421
16077628,"chr13",425
16158530,"chr13",425
16363846,"chr13",425
16585283,"chr13",425
16628442,"chr13",425
16718355,"chr13",425
16766897,"chr13",425
16865269,"chr13",425
16882725,"chr13",425
16903861,"chr13",425
16948897,"chr13",425
17024521,"chr13",425
17024948,"chr13",425
17024957,"chr13",425
17032054,"chr13",425
17033500,"chr13",425
17285167,"chr13",425
17285180,"chr13",425
17315547,"chr13",425
17338218,"chr13",425
17435878,"chr13",425
17514068,"chr13",425
17555177,"chr13",425
17682017,"chr13",425
17696024,"chr13",425
17707307,"chr13",425
17707311,"chr13",425
17724779,"chr13",425
17944257,"chr13",425
17962723,"chr13",425
17996154,"chr13",425
18017571,"chr13",425
18958203,"chr13",425
19069999,"chr13",425
19538961,"chr13",425
23818089,"chr13",426
23960630,"chr13",426
26073936,"chr13",427
27029348,"chr13",427
28112898,"chr13",427
28235692,"chr13",427
29696634,"chr13",427
29696647,"chr13",427
31685230,"chr13",428
33702852,"chr13",428
33748946,"chr13",428
35866727,"chr13",429
36456317,"chr13",429
36783237,"chr13",429
36845133,"chr13",429
37391222,"chr13",429
39003789,"chr13",429
40221862,"chr13",430
42469435,"chr13",430
43163013,"chr13",430
43288294,"chr13",430
43769853,"chr13",430
45150322,"chr13",431
45150325,"chr13",431
46921476,"chr13",431
48575482,"chr13",431
50814797,"chr13",432
53005181,"chr13",432
54049806,"chr13",432
54049820,"chr13",432
55540473,"chr13",433
56115289,"chr13",433
57333285,"chr13",433
60175852,"chr13",434
60533598,"chr13",434
61126060,"chr13",434
61758519,"chr13",434
64040857,"chr13",434
65044735,"chr13",435
67665225,"chr13",435
73132705,"chr13",436
73586380,"chr13",436
74952224,"chr13",436
76224598,"chr13",437
76751464,"chr13",437
77183591,"chr13",437
77550394,"chr13",437
78485924,"chr13",437
80886642,"chr13",438
81678319,"chr13",438
82525942,"chr13",438
84160061,"chr13",438
84603684,"chr13",438
85001796,"chr13",439
89636613,"chr13",439
89931101,"chr13",439
91548305,"chr13",440
92566130,"chr13",440
94107579,"chr13",440
94533421,"chr13",440
95641739,"chr13",441
96016135,"chr13",441
98177665,"chr13",441
98237911,"chr13",441
98533781,"chr13",441
99117354,"chr13",441
99242817,"chr13",441
100292961,"chr13",442
100586493,"chr13",442
103874155,"chr13",442
105000221,"chr13",443
106756187,"chr13",443
106953421,"chr13",443
107891148,"chr13",443
113745716,"chr13",444
18599838,"chr14",448
22046786,"chr14",449
23648144,"chr14",449
23659685,"chr14",449
23735922,"chr14",449
23735936,"chr14",449
23907934,"chr14",449
24072684,"chr14",449
26025148,"chr14",450
26439796,"chr14",450
27275917,"chr14",450
27352195,"chr14",450
27783733,"chr14",450
28558906,"chr14",450
29625738,"chr14",450
30050824,"chr14",451
31483306,"chr14",451
31844947,"chr14",451
31844950,"chr14",451
32897668,"chr14",451
33003310,"chr14",451
34185088,"chr14",451
35256157,"chr14",452
35256167,"chr14",452
35722098,"chr14",452
38320568,"chr14",452
38882441,"chr14",452
39341958,"chr14",452
39523781,"chr14",452
40330422,"chr14",453
43429172,"chr14",453
43599985,"chr14",453
43908438,"chr14",453
44336658,"chr14",453
45631840,"chr14",454
46328774,"chr14",454
46742764,"chr14",454
46844437,"chr14",454
47073122,"chr14",454
49124529,"chr14",454
49775665,"chr14",454
49827248,"chr14",454
49865690,"chr14",454
50344473,"chr14",455
52564311,"chr14",455
52581171,"chr14",455
53244694,"chr14",455
53491573,"chr14",455
53953943,"chr14",455
55548219,"chr14",456
56577221,"chr14",456
56591488,"chr14",456
56613911,"chr14",456
57963790,"chr14",456
58344495,"chr14",456
59374982,"chr14",456
61045195,"chr14",457
62259080,"chr14",457
62262887,"chr14",457
62262890,"chr14",457
62597262,"chr14",457
64193610,"chr14",457
64691890,"chr14",457
64732784,"chr14",457
64862507,"chr14",457
64879728,"chr14",457
65085109,"chr14",458
67068621,"chr14",458
67068637,"chr14",458
67068698,"chr14",458
67448750,"chr14",458
68859746,"chr14",458
69456925,"chr14",458
69562647,"chr14",458
70903279,"chr14",459
70946370,"chr14",459
72303372,"chr14",459
74293707,"chr14",459
74293710,"chr14",459
74352688,"chr14",459
75255755,"chr14",460
76519144,"chr14",460
76612019,"chr14",460
78247400,"chr14",460
78441773,"chr14",460
78817442,"chr14",460
79303629,"chr14",460
79701121,"chr14",460
80024403,"chr14",461
80636277,"chr14",461
81844667,"chr14",461
81887452,"chr14",461
81887455,"chr14",461
82101877,"chr14",461
82215196,"chr14",461
83393746,"chr14",461
83395091,"chr14",461
83396284,"chr14",461
84332228,"chr14",461
85103945,"chr14",462
85326113,"chr14",462
85721268,"chr14",462
85844077,"chr14",462
86022889,"chr14",462
86475888,"chr14",462
87124513,"chr14",462
87346255,"chr14",462
87714157,"chr14",462
88583474,"chr14",462
88772613,"chr14",462
92654358,"chr14",463
93058442,"chr14",463
94638061,"chr14",463
95411335,"chr14",464
96248592,"chr14",464
96927029,"chr14",464
96948597,"chr14",464
97354026,"chr14",464
97394326,"chr14",464
99957614,"chr14",464
100962447,"chr14",465
104450834,"chr14",465
104946383,"chr14",465
106209015,"chr14",466
106472648,"chr14",466
106714323,"chr14",466
17120827,"chr15",470
17120839,"chr15",470
17499502,"chr15",470
18486505,"chr15",470
18511735,"chr15",470
18750812,"chr15",470
20314622,"chr15",471
20361832,"chr15",471
22451082,"chr15",471
23011701,"chr15",471
24034837,"chr15",471
24334036,"chr15",471
24478405,"chr15",471
25155898,"chr15",472
29030747,"chr15",472
29170599,"chr15",472
30673533,"chr15",473
31311831,"chr15",473
31428987,"chr15",473
33731808,"chr15",473
34603227,"chr15",473
36215255,"chr15",474
38550865,"chr15",474
39177456,"chr15",474
41739128,"chr15",475
41914006,"chr15",475
42995519,"chr15",475
43014866,"chr15",475
43301696,"chr15",475
43345373,"chr15",475
43996713,"chr15",475
45448860,"chr15",476
49120181,"chr15",476
49120219,"chr15",476
50501521,"chr15",477
52256589,"chr15",477
52284001,"chr15",477
52721059,"chr15",477
53799888,"chr15",477
54697258,"chr15",477
56558453,"chr15",478
58515535,"chr15",478
58620582,"chr15",478
59268395,"chr15",478
59367001,"chr15",478
60605459,"chr15",479
64662145,"chr15",479
65915602,"chr15",480
66308888,"chr15",480
66603078,"chr15",480
66902107,"chr15",480
67153504,"chr15",480
67589791,"chr15",480
68871253,"chr15",480
69378293,"chr15",480
70202461,"chr15",481
71432103,"chr15",481
72495337,"chr15",481
72799636,"chr15",481
73562562,"chr15",481
75185979,"chr15",482
79972535,"chr15",482
81072035,"chr15",483
81072038,"chr15",483
81167726,"chr15",483
81778517,"chr15",483
82091810,"chr15",483
83347480,"chr15",483
84935957,"chr15",483
85856878,"chr15",484
87332683,"chr15",484
87351442,"chr15",484
87760053,"chr15",484
87974068,"chr15",484
89062183,"chr15",484
90394067,"chr15",485
90971697,"chr15",485
94827344,"chr15",485
94860643,"chr15",485
96311885,"chr15",486
96466538,"chr15",486
96554765,"chr15",486
97313849,"chr15",486
99138083,"chr15",486
99193871,"chr15",486
99945680,"chr15",486
101108939,"chr15",487
78376,"chr16",488
599626,"chr16",488
1300253,"chr16",488
1340254,"chr16",488
1832551,"chr16",488
1855545,"chr16",488
1907704,"chr16",488
2131977,"chr16",488
2216048,"chr16",488
2216063,"chr16",488
2249729,"chr16",488
3221399,"chr16",488
4183072,"chr16",488
4280617,"chr16",488
5053558,"chr16",489
5847923,"chr16",489
5940728,"chr16",489
6735608,"chr16",489
6735614,"chr16",489
6767959,"chr16",489
7061057,"chr16",489
7202113,"chr16",489
7385962,"chr16",489
8552509,"chr16",489
9148743,"chr16",489
9272499,"chr16",489
10091469,"chr16",490
10342774,"chr16",490
10980787,"chr16",490
10980792,"chr16",490
11303320,"chr16",490
12082218,"chr16",490
12478855,"chr16",490
13114460,"chr16",490
13386775,"chr16",490
15556193,"chr16",491
16251493,"chr16",491
17909420,"chr16",491
19464529,"chr16",491
21235429,"chr16",492
24171746,"chr16",492
24361703,"chr16",492
25683142,"chr16",493
25905163,"chr16",493
26504904,"chr16",493
26939744,"chr16",493
27357349,"chr16",493
28675206,"chr16",493
28693692,"chr16",493
28861148,"chr16",493
29512549,"chr16",493
29773367,"chr16",493
30679772,"chr16",494
30799549,"chr16",494
31847875,"chr16",494
32120694,"chr16",494
32417618,"chr16",494
32829818,"chr16",494
36351753,"chr16",495
36482523,"chr16",495
37688905,"chr16",495
38279825,"chr16",495
47613732,"chr16",497
48038977,"chr16",497
48356554,"chr16",497
50073679,"chr16",498
51086697,"chr16",498
51382985,"chr16",498
51502441,"chr16",498
52171727,"chr16",498
52761507,"chr16",498
52851142,"chr16",498
54149911,"chr16",498
54216422,"chr16",498
54586341,"chr16",498
56034242,"chr16",499
56744129,"chr16",499
58515499,"chr16",499
59753118,"chr16",499
60306074,"chr16",500
60629472,"chr16",500
61195941,"chr16",500
61762556,"chr16",500
67712302,"chr16",501
68090339,"chr16",501
68112934,"chr16",501
68926837,"chr16",501
69238623,"chr16",501
69550464,"chr16",501
69934438,"chr16",501
70383583,"chr16",502
70563227,"chr16",502
72440586,"chr16",502
74551626,"chr16",502
74747698,"chr16",502
75083875,"chr16",503
76830069,"chr16",503
77200234,"chr16",503
78223054,"chr16",503
78486465,"chr16",503
80539209,"chr16",504
82270204,"chr16",504
82569879,"chr16",504
82630717,"chr16",504
83603335,"chr16",504
84101019,"chr16",504
84465197,"chr16",504
84811007,"chr16",504
84847646,"chr16",504
86038794,"chr16",505
87208726,"chr16",505
87220384,"chr16",505
87684861,"chr16",505
88208779,"chr16",505
88214494,"chr16",505
88482540,"chr16",505
88878304,"chr16",505
933127,"chr17",507
3519536,"chr17",507
4831769,"chr17",507
5682305,"chr17",508
5682312,"chr17",508
5982207,"chr17",508
7109845,"chr17",508
7567686,"chr17",508
10547799,"chr17",509
10553389,"chr17",509
11044205,"chr17",509
12208291,"chr17",509
12339742,"chr17",509
15070673,"chr17",510
16299373,"chr17",510
16323278,"chr17",510
17485280,"chr17",510
17899142,"chr17",510
18389117,"chr17",510
18649185,"chr17",510
19426080,"chr17",510
21100738,"chr17",511
21162028,"chr17",511
21443326,"chr17",511
22411135,"chr17",511
22505859,"chr17",511
22640886,"chr17",511
23020762,"chr17",511
23158555,"chr17",511
23180864,"chr17",511
23182963,"chr17",511
24511045,"chr17",511
25637193,"chr17",512
26706245,"chr17",512
27893854,"chr17",512
29109228,"chr17",512
32238558,"chr17",513
33758938,"chr17",513
34734317,"chr17",513
35170557,"chr17",514
35251730,"chr17",514
35365846,"chr17",514
37108405,"chr17",514
37487045,"chr17",514
37888942,"chr17",514
37907736,"chr17",514
39372702,"chr17",514
39954129,"chr17",514
40051114,"chr17",515
41168902,"chr17",515
42728467,"chr17",515
43212718,"chr17",515
43808498,"chr17",515
44027442,"chr17",515
45344241,"chr17",516
46541791,"chr17",516
47423642,"chr17",516
47464520,"chr17",516
48782722,"chr17",516
49260997,"chr17",516
49685084,"chr17",516
50023352,"chr17",517
50654861,"chr17",517
51891886,"chr17",517
52923247,"chr17",517
53943379,"chr17",517
53988849,"chr17",517
54356926,"chr17",517
54863500,"chr17",517
54923861,"chr17",517
55448036,"chr17",518
56391276,"chr17",518
56391281,"chr17",518
57058911,"chr17",518
57100952,"chr17",518
57484527,"chr17",518
57944399,"chr17",518
57947725,"chr17",518
58195172,"chr17",518
59340995,"chr17",518
59875035,"chr17",518
59882937,"chr17",518
60336920,"chr17",519
60416184,"chr17",519
61515690,"chr17",519
61942670,"chr17",519
62036105,"chr17",519
62101895,"chr17",519
63176792,"chr17",519
63836500,"chr17",519
64225110,"chr17",519
64299412,"chr17",519
66152031,"chr17",520
66152034,"chr17",520
67050225,"chr17",520
67238088,"chr17",520
67396899,"chr17",520
67926345,"chr17",520
68042600,"chr17",520
68213342,"chr17",520
68769788,"chr17",520
68867647,"chr17",520
69836130,"chr17",520
70396055,"chr17",521
70831255,"chr17",521
72004925,"chr17",521
72502092,"chr17",521
73894556,"chr17",521
75674704,"chr17",522
75837301,"chr17",522
76371464,"chr17",522
78274587,"chr17",522
78442895,"chr17",522
78554815,"chr17",522
81154819,"chr17",523
838745,"chr18",524
1947870,"chr18",524
2409139,"chr18",524
2630933,"chr18",524
6334355,"chr18",525
6676190,"chr18",525
7106099,"chr18",525
7459034,"chr18",525
8435876,"chr18",525
9562497,"chr18",525
10251560,"chr18",526
10394470,"chr18",526
10695362,"chr18",526
12800641,"chr18",526
13997474,"chr18",526
15679423,"chr18",527
16217206,"chr18",527
16534715,"chr18",527
17582439,"chr18",527
17699676,"chr18",527
17699681,"chr18",527
18875806,"chr18",527
19703480,"chr18",527
21383950,"chr18",528
23272458,"chr18",528
23272461,"chr18",528
23655940,"chr18",528
24022292,"chr18",528
24164498,"chr18",528
27285333,"chr18",529
27716674,"chr18",529
28950112,"chr18",529
29062373,"chr18",529
30187718,"chr18",530
31704721,"chr18",530
32317190,"chr18",530
32795804,"chr18",530
32795807,"chr18",530
33106443,"chr18",530
33974413,"chr18",530
33974416,"chr18",530
34876146,"chr18",530
36506038,"chr18",531
37294765,"chr18",531
42298564,"chr18",532
43146387,"chr18",532
44499337,"chr18",532
45988877,"chr18",533
47230519,"chr18",533
48920153,"chr18",533
50468583,"chr18",534
55821711,"chr18",535
56600668,"chr18",535
57451756,"chr18",535
59259354,"chr18",535
61744686,"chr18",536
62056041,"chr18",536
62491726,"chr18",536
63024926,"chr18",536
64902803,"chr18",536
65041279,"chr18",537
66960921,"chr18",537
68684295,"chr18",537
70784454,"chr18",538
70940747,"chr18",538
71336521,"chr18",538
72443725,"chr18",538
72836816,"chr18",538
73327168,"chr18",538
75029737,"chr18",539
76740430,"chr18",539
77377212,"chr18",539
77440584,"chr18",539
77630976,"chr18",539
78467470,"chr18",539
79285757,"chr18",539
79605050,"chr18",539
80012033,"chr18",540
1150286,"chr19",541
1805385,"chr19",541
1851720,"chr19",541
1929178,"chr19",541
2312272,"chr19",541
2932280,"chr19",541
3568105,"chr19",541
3568122,"chr19",541
4152387,"chr19",541
4843254,"chr19",541
7158069,"chr19",542
8012505,"chr19",542
8440997,"chr19",542
9063770,"chr19",542
9063776,"chr19",542
9207853,"chr19",542
9252381,"chr19",542
11179248,"chr19",543
11315096,"chr19",543
11758069,"chr19",543
11802564,"chr19",543
11899643,"chr19",543
12645102,"chr19",543
12935150,"chr19",543
13141353,"chr19",543
13190878,"chr19",543
13891727,"chr19",543
14933452,"chr19",543
15346395,"chr19",544
16976958,"chr19",544
17490776,"chr19",544
27427305,"chr19",546
28178574,"chr19",546
29366953,"chr19",546
29421297,"chr19",546
30084995,"chr19",547
30129648,"chr19",547
30187976,"chr19",547
34433589,"chr19",547
34477419,"chr19",547
36175242,"chr19",548
36382022,"chr19",548
39257827,"chr19",548
39285545,"chr19",548
39483368,"chr19",548
41129588,"chr19",549
42337486,"chr19",549
42571594,"chr19",549
45025420,"chr19",550
45330781,"chr19",550
45335595,"chr19",550
47248517,"chr19",550
47431231,"chr19",550
47431235,"chr19",550
51514390,"chr19",551
52210139,"chr19",551
52568991,"chr19",551
53006102,"chr19",551
53502081,"chr19",551
53502086,"chr19",551
54256885,"chr19",551
54816432,"chr19",551
55756836,"chr19",552
56002616,"chr19",552
57287826,"chr19",552
58382165,"chr19",552
684121,"chr2",50
1050758,"chr2",50
4253672,"chr2",50
5449730,"chr2",51
6089397,"chr2",51
6301689,"chr2",51
6734913,"chr2",51
7410222,"chr2",51
11176811,"chr2",52
13435296,"chr2",52
15052145,"chr2",53
16371403,"chr2",53
17190104,"chr2",53
18154773,"chr2",53
18157232,"chr2",53
19623190,"chr2",53
20464610,"chr2",54
21842807,"chr2",54
22369968,"chr2",54
23544199,"chr2",54
23809411,"chr2",54
24088949,"chr2",54
25634668,"chr2",55
26603444,"chr2",55
29128449,"chr2",55
29494526,"chr2",55
32641508,"chr2",56
32889118,"chr2",56
33002311,"chr2",56
34682334,"chr2",56
35913339,"chr2",57
35993413,"chr2",57
36760635,"chr2",57
36808874,"chr2",57
38360942,"chr2",57
38489088,"chr2",57
40145518,"chr2",58
42352017,"chr2",58
44667369,"chr2",58
44816708,"chr2",58
45033534,"chr2",59
48472541,"chr2",59
48472544,"chr2",59
54566820,"chr2",60
55890777,"chr2",61
57591612,"chr2",61
57907991,"chr2",61
57907993,"chr2",61
62381967,"chr2",62
64103117,"chr2",62
65697217,"chr2",63
66241116,"chr2",63
66425234,"chr2",63
68323493,"chr2",63
69636616,"chr2",63
70124664,"chr2",64
71497699,"chr2",64
71497725,"chr2",64
71542922,"chr2",64
72048254,"chr2",64
72403433,"chr2",64
73959541,"chr2",64
75231492,"chr2",65
77029054,"chr2",65
78167517,"chr2",65
80538027,"chr2",66
80669184,"chr2",66
80914309,"chr2",66
81406279,"chr2",66
81769608,"chr2",66
81790594,"chr2",66
82004326,"chr2",66
83552706,"chr2",66
83585563,"chr2",66
83662356,"chr2",66
84022308,"chr2",66
84519907,"chr2",66
85488382,"chr2",67
85830806,"chr2",67
86248186,"chr2",67
88441753,"chr2",67
89852221,"chr2",67
90199193,"chr2",68
92216878,"chr2",68
92303344,"chr2",68
92839825,"chr2",68
92887933,"chr2",68
92932449,"chr2",68
93208531,"chr2",68
93716653,"chr2",68
93716662,"chr2",68
93750936,"chr2",68
93868752,"chr2",68
93898570,"chr2",68
94016870,"chr2",68
94077855,"chr2",68
94147822,"chr2",68
94181281,"chr2",68
94185139,"chr2",68
96209745,"chr2",69
97022922,"chr2",69
97720372,"chr2",69
98473228,"chr2",69
98523529,"chr2",69
99574549,"chr2",69
100353319,"chr2",70
100549085,"chr2",70
100551016,"chr2",70
101320185,"chr2",70
101320195,"chr2",70
103463893,"chr2",70
104755837,"chr2",70
112352419,"chr2",72
113792262,"chr2",72
115353315,"chr2",73
116398001,"chr2",73
116647559,"chr2",73
117627310,"chr2",73
118704462,"chr2",73
118831791,"chr2",73
121187167,"chr2",74
121625457,"chr2",74
121988486,"chr2",74
123510219,"chr2",74
124079948,"chr2",74
124969613,"chr2",74
126001118,"chr2",75
127294815,"chr2",75
127321637,"chr2",75
128058968,"chr2",75
131136375,"chr2",76
132219146,"chr2",76
132326769,"chr2",76
132948118,"chr2",76
133365127,"chr2",76
133392687,"chr2",76
133912127,"chr2",76
134201037,"chr2",76
134201042,"chr2",76
135256062,"chr2",77
137045945,"chr2",77
138291819,"chr2",77
138388561,"chr2",77
139608391,"chr2",77
141223143,"chr2",78
142575476,"chr2",78
142938973,"chr2",78
143183737,"chr2",78
144632798,"chr2",78
145505215,"chr2",79
145505219,"chr2",79
148557689,"chr2",79
148698842,"chr2",79
148824602,"chr2",79
149309364,"chr2",79
149431659,"chr2",79
149431662,"chr2",79
151377642,"chr2",80
154865420,"chr2",80
156832500,"chr2",81
158162270,"chr2",81
159892802,"chr2",81
160324907,"chr2",82
160684220,"chr2",82
163523041,"chr2",82
164960154,"chr2",82
166244736,"chr2",83
166879568,"chr2",83
168268156,"chr2",83
168632061,"chr2",83
171655934,"chr2",84
172327362,"chr2",84
173851031,"chr2",84
175389254,"chr2",85
175753955,"chr2",85
179229800,"chr2",85
179706581,"chr2",85
179706588,"chr2",85
181822970,"chr2",86
183802713,"chr2",86
184656735,"chr2",86
184937770,"chr2",86
185331616,"chr2",87
186338883,"chr2",87
186420613,"chr2",87
186575349,"chr2",87
186661199,"chr2",87
187404992,"chr2",87
189315943,"chr2",87
189430954,"chr2",87
190401485,"chr2",88
190467706,"chr2",88
192089932,"chr2",88
192235468,"chr2",88
192321819,"chr2",88
194725020,"chr2",88
196095974,"chr2",89
197366923,"chr2",89
198851128,"chr2",89
198851131,"chr2",89
199122750,"chr2",89
199940827,"chr2",89
201577259,"chr2",90
202017076,"chr2",90
202312347,"chr2",90
203110617,"chr2",90
203119184,"chr2",90
203187848,"chr2",90
207642899,"chr2",91
208225993,"chr2",91
208276475,"chr2",91
208390512,"chr2",91
210646907,"chr2",92
210807367,"chr2",92
211040016,"chr2",92
211217850,"chr2",92
211896679,"chr2",92
214284298,"chr2",92
215913342,"chr2",93
216502198,"chr2",93
217844965,"chr2",93
219547583,"chr2",93
222204030,"chr2",94
223598401,"chr2",94
223711788,"chr2",94
225746856,"chr2",95
227115061,"chr2",95
227453717,"chr2",95
230640547,"chr2",96
231979670,"chr2",96
232711881,"chr2",96
234410879,"chr2",96
235142210,"chr2",97
235753199,"chr2",97
235951461,"chr2",97
235981872,"chr2",97
239142644,"chr2",97
242150442,"chr2",98
167612,"chr20",553
218397,"chr20",553
4172413,"chr20",553
5359282,"chr20",554
6095725,"chr20",554
6416962,"chr20",554
6569058,"chr20",554
8123251,"chr20",554
9958868,"chr20",554
10499645,"chr20",555
12512042,"chr20",555
14612234,"chr20",555
15090514,"chr20",556
17525014,"chr20",556
19941206,"chr20",556
21012490,"chr20",557
23066070,"chr20",557
24996777,"chr20",557
25756221,"chr20",558
26547371,"chr20",558
26569677,"chr20",558
28062078,"chr20",558
28062086,"chr20",558
28194197,"chr20",558
28553286,"chr20",558
28750512,"chr20",558
28750524,"chr20",558
28801428,"chr20",558
28829590,"chr20",558
29099900,"chr20",558
29153978,"chr20",558
29244654,"chr20",558
29399775,"chr20",558
29493028,"chr20",558
31425313,"chr20",559
34340824,"chr20",559
37648191,"chr20",560
38906298,"chr20",560
39589221,"chr20",560
39966306,"chr20",560
43374383,"chr20",561
43627908,"chr20",561
43897367,"chr20",561
44281691,"chr20",561
45761456,"chr20",562
46586013,"chr20",562
46757128,"chr20",562
48506784,"chr20",562
49471150,"chr20",562
49574364,"chr20",562
49883029,"chr20",562
50225378,"chr20",563
50842983,"chr20",563
51567650,"chr20",563
51876698,"chr20",563
53009170,"chr20",563
53083597,"chr20",563
53159668,"chr20",563
53456577,"chr20",563
53476534,"chr20",563
56189011,"chr20",564
57065748,"chr20",564
58684032,"chr20",564
58684038,"chr20",564
59615614,"chr20",564
59966987,"chr20",564
60239201,"chr20",565
62029488,"chr20",565
5311662,"chr21",567
5327576,"chr21",567
7204761,"chr21",567
8013272,"chr21",567
9016400,"chr21",567
9841729,"chr21",567
13510434,"chr21",568
14509388,"chr21",568
14988523,"chr21",568
15417607,"chr21",569
16418135,"chr21",569
19372287,"chr21",569
21450815,"chr21",570
22095984,"chr21",570
23055287,"chr21",570
23668176,"chr21",570
24392429,"chr21",570
30516187,"chr21",572
30846879,"chr21",572
32014857,"chr21",572
32460765,"chr21",572
32813163,"chr21",572
33579850,"chr21",572
33884976,"chr21",572
33969355,"chr21",572
34563768,"chr21",572
34842446,"chr21",572
34930272,"chr21",572
38590897,"chr21",573
40775088,"chr21",574
41345229,"chr21",574
41442026,"chr21",574
41739358,"chr21",574
45059901,"chr21",575
45480608,"chr21",575
45602585,"chr21",575
10572352,"chr22",578
12413827,"chr22",578
15227350,"chr22",579
15945347,"chr22",579
16781309,"chr22",579
20031031,"chr22",580
20085954,"chr22",580
20878358,"chr22",580
20880455,"chr22",580
21869626,"chr22",580
21869651,"chr22",580
22850679,"chr22",580
23842325,"chr22",580
25099007,"chr22",581
26147526,"chr22",581
28410762,"chr22",581
29314282,"chr22",581
29773123,"chr22",581
32343961,"chr22",582
32466329,"chr22",582
34798712,"chr22",582
36631254,"chr22",583
37770714,"chr22",583
38426029,"chr22",583
41197507,"chr22",584
41423966,"chr22",584
42098695,"chr22",584
42943847,"chr22",584
44660828,"chr22",584
45724967,"chr22",585
47059588,"chr22",585
47059591,"chr22",585
48199296,"chr22",585
49300621,"chr22",585
49350827,"chr22",585
49828188,"chr22",585
49951105,"chr22",585
385029,"chr3",99
1388559,"chr3",99
1432642,"chr3",99
5113841,"chr3",100
5306179,"chr3",100
9362423,"chr3",100
11841844,"chr3",101
12417888,"chr3",101
12680398,"chr3",101
13409854,"chr3",101
14461896,"chr3",101
15956566,"chr3",102
15956568,"chr3",102
16710389,"chr3",102
17560619,"chr3",102
18218268,"chr3",102
19702288,"chr3",102
20917115,"chr3",103
22388700,"chr3",103
22455909,"chr3",103
25209564,"chr3",104
25886089,"chr3",104
25898083,"chr3",104
27222778,"chr3",104
29547158,"chr3",104
34500604,"chr3",105
36094517,"chr3",106
36756945,"chr3",106
38360340,"chr3",106
38439477,"chr3",106
39510349,"chr3",106
41664731,"chr3",107
43057493,"chr3",107
44175357,"chr3",107
44643004,"chr3",107
44823216,"chr3",107
47287477,"chr3",108
47358710,"chr3",108
48272403,"chr3",108
49835985,"chr3",108
49892383,"chr3",108
51150924,"chr3",109
53837211,"chr3",109
54287777,"chr3",109
55424600,"chr3",110
57146040,"chr3",110
57190817,"chr3",110
57334820,"chr3",110
57428818,"chr3",110
57747467,"chr3",110
57767210,"chr3",110
58532799,"chr3",110
58872874,"chr3",110
59689983,"chr3",110
60751843,"chr3",111
60910000,"chr3",111
61642535,"chr3",111
64727998,"chr3",111
65251293,"chr3",112
65315923,"chr3",112
65339845,"chr3",112
65427336,"chr3",112
67135952,"chr3",112
68188509,"chr3",112
69721637,"chr3",112
69907734,"chr3",112
70827437,"chr3",113
73350445,"chr3",113
74037405,"chr3",113
75097453,"chr3",114
75983018,"chr3",114
75983023,"chr3",114
76545883,"chr3",114
76829669,"chr3",114
77677271,"chr3",114
78551245,"chr3",114
79485275,"chr3",114
79532694,"chr3",114
80953168,"chr3",115
81126740,"chr3",115
82894085,"chr3",115
83538071,"chr3",115
83749980,"chr3",115
84195676,"chr3",115
84333989,"chr3",115
87541335,"chr3",116
88761757,"chr3",116
89541875,"chr3",116
90217565,"chr3",117
90793836,"chr3",117
90878754,"chr3",117
91047488,"chr3",117
91067830,"chr3",117
93339075,"chr3",117
94866763,"chr3",117
94915011,"chr3",117
95295402,"chr3",118
95670672,"chr3",118
96267977,"chr3",118
96877933,"chr3",118
97606268,"chr3",118
100205911,"chr3",119
101067737,"chr3",119
101067749,"chr3",119
101684184,"chr3",119
105133469,"chr3",120
105504654,"chr3",120
107725103,"chr3",120
107943285,"chr3",120
107965406,"chr3",120
108402027,"chr3",120
110126077,"chr3",121
110450206,"chr3",121
113492646,"chr3",121
113697700,"chr3",121
113904714,"chr3",121
114174614,"chr3",121
114464305,"chr3",121
116271796,"chr3",122
116554506,"chr3",122
116639457,"chr3",122
117690463,"chr3",122
117711389,"chr3",122
118916595,"chr3",122
119769701,"chr3",122
119859186,"chr3",122
120481545,"chr3",123
121463474,"chr3",123
123924928,"chr3",123
125100780,"chr3",124
129726854,"chr3",124
130073628,"chr3",125
132388152,"chr3",125
134240491,"chr3",125
134786105,"chr3",125
136369080,"chr3",126
137241780,"chr3",126
138128469,"chr3",126
138646776,"chr3",126
139170830,"chr3",126
143867132,"chr3",127
144027418,"chr3",127
145060704,"chr3",128
146908033,"chr3",128
149839634,"chr3",128
151291327,"chr3",129
151463536,"chr3",129
153176675,"chr3",129
154026048,"chr3",129
154213265,"chr3",129
155251387,"chr3",130
157685395,"chr3",130
158148385,"chr3",130
158632766,"chr3",130
160128946,"chr3",131
160923592,"chr3",131
161487598,"chr3",131
161768406,"chr3",131
163632557,"chr3",131
163632560,"chr3",131
163651936,"chr3",131
167325553,"chr3",132
169129500,"chr3",132
169129503,"chr3",132
169328656,"chr3",132
169593121,"chr3",132
170195643,"chr3",133
170424944,"chr3",133
171420304,"chr3",133
172356979,"chr3",133
175125934,"chr3",134
175195333,"chr3",134
175243350,"chr3",134
175647328,"chr3",134
176032498,"chr3",134
176362325,"chr3",134
178989258,"chr3",134
179016715,"chr3",134
179509174,"chr3",134
181020542,"chr3",135
181149208,"chr3",135
181964961,"chr3",135
182034005,"chr3",135
182071488,"chr3",135
182859213,"chr3",135
183839635,"chr3",135
184509154,"chr3",135
185365375,"chr3",136
186584623,"chr3",136
187272914,"chr3",136
187524103,"chr3",136
190189134,"chr3",137
193978775,"chr3",137
194902352,"chr3",137
195503811,"chr3",138
196027729,"chr3",138
197009061,"chr3",138
197549814,"chr3",138
554138,"chr4",139
904641,"chr4",139
4223842,"chr4",139
5080996,"chr4",140
5207739,"chr4",140
5763189,"chr4",140
6604526,"chr4",140
6800300,"chr4",140
7478166,"chr4",140
7478323,"chr4",140
7872011,"chr4",140
8017500,"chr4",140
8154286,"chr4",140
8594796,"chr4",140
8867606,"chr4",140
11842405,"chr4",141
11936999,"chr4",141
14042971,"chr4",141
14549891,"chr4",141
14549894,"chr4",141
14796470,"chr4",141
15341553,"chr4",142
15997373,"chr4",142
17835157,"chr4",142
17945278,"chr4",142
18388743,"chr4",142
18832382,"chr4",142
19328868,"chr4",142
20268529,"chr4",143
22268021,"chr4",143
22268024,"chr4",143
22640272,"chr4",143
23451022,"chr4",143
23646439,"chr4",143
24662251,"chr4",143
26593583,"chr4",144
26694101,"chr4",144
26833362,"chr4",144
27654551,"chr4",144
29164178,"chr4",144
30846269,"chr4",145
31752140,"chr4",145
32205867,"chr4",145
34039191,"chr4",145
35327263,"chr4",146
35530915,"chr4",146
39861081,"chr4",146
40935964,"chr4",147
41113428,"chr4",147
41165250,"chr4",147
41270078,"chr4",147
42473119,"chr4",147
42748569,"chr4",147
44061070,"chr4",147
46752190,"chr4",148
46855536,"chr4",148
47425520,"chr4",148
49948026,"chr4",148
50129246,"chr4",149
50480474,"chr4",149
51299775,"chr4",149
51640928,"chr4",149
52278171,"chr4",149
53432889,"chr4",149
54271787,"chr4",149
56475412,"chr4",150
58963094,"chr4",150
59564371,"chr4",150
61803689,"chr4",151
61874841,"chr4",151
62796538,"chr4",151
63759834,"chr4",151
63946075,"chr4",151
68440082,"chr4",152
69111228,"chr4",152
69463893,"chr4",152
69763308,"chr4",152
69763311,"chr4",152
71407405,"chr4",153
71567968,"chr4",153
71921717,"chr4",153
74274366,"chr4",153
74844771,"chr4",153
75712635,"chr4",154
75764527,"chr4",154
75904705,"chr4",154
76828214,"chr4",154
80915966,"chr4",155
81768125,"chr4",155
82145513,"chr4",155
82169203,"chr4",155
82169210,"chr4",155
82651651,"chr4",155
83182799,"chr4",155
83188514,"chr4",155
83251831,"chr4",155
83728988,"chr4",155
85673632,"chr4",156
87314643,"chr4",156
87511533,"chr4",156
87714400,"chr4",156
87714428,"chr4",156
88231904,"chr4",156
89259702,"chr4",156
89559512,"chr4",156
90348089,"chr4",157
91810545,"chr4",157
92278112,"chr4",157
92278117,"chr4",157
93804390,"chr4",157
93917459,"chr4",157
94598440,"chr4",157
97005242,"chr4",158
98087564,"chr4",158
98312742,"chr4",158
100541519,"chr4",159
101227553,"chr4",159
102110060,"chr4",159
102483774,"chr4",159
102847967,"chr4",159
102847970,"chr4",159
103557546,"chr4",159
104155955,"chr4",159
104339730,"chr4",159
105024381,"chr4",160
105024386,"chr4",160
105268224,"chr4",160
105896945,"chr4",160
107185769,"chr4",160
108500164,"chr4",160
109870174,"chr4",160
109870179,"chr4",160
113714098,"chr4",161
115601979,"chr4",162
116013336,"chr4",162
118869655,"chr4",162
120307182,"chr4",163
120915236,"chr4",163
120978648,"chr4",163
121124280,"chr4",163
122690360,"chr4",163
122690363,"chr4",163
124354704,"chr4",163
125559560,"chr4",164
127044642,"chr4",164
127432664,"chr4",164
128344862,"chr4",164
129379995,"chr4",164
130270826,"chr4",165
130823577,"chr4",165
131046220,"chr4",165
131740555,"chr4",165
132432618,"chr4",165
134415024,"chr4",165
134864818,"chr4",165
135642076,"chr4",166
135654393,"chr4",166
135753311,"chr4",166
139102899,"chr4",166
139310865,"chr4",166
139782122,"chr4",166
142306924,"chr4",167
144108307,"chr4",167
145054379,"chr4",168
145893934,"chr4",168
146139512,"chr4",168
146619878,"chr4",168
148906817,"chr4",168
152216826,"chr4",169
152369802,"chr4",169
153535849,"chr4",169
153995039,"chr4",169
154669890,"chr4",169
155190796,"chr4",170
156033518,"chr4",170
157059333,"chr4",170
158864935,"chr4",170
160491277,"chr4",171
161176109,"chr4",171
161561268,"chr4",171
164736284,"chr4",171
165728415,"chr4",172
165761886,"chr4",172
166379495,"chr4",172
166391696,"chr4",172
167394504,"chr4",172
167472606,"chr4",172
168086141,"chr4",172
168093600,"chr4",172
169719101,"chr4",172
169981698,"chr4",172
171458496,"chr4",173
173149081,"chr4",173
173583570,"chr4",173
173957273,"chr4",173
174110900,"chr4",173
174671411,"chr4",173
175828265,"chr4",174
176942052,"chr4",174
177046987,"chr4",174
177090603,"chr4",174
177515758,"chr4",174
177814829,"chr4",174
177855428,"chr4",174
178354647,"chr4",174
178671442,"chr4",174
179878407,"chr4",174
179878424,"chr4",174
182246456,"chr4",175
182516541,"chr4",175
182897373,"chr4",175
183098832,"chr4",175
184139850,"chr4",175
184139857,"chr4",175
189713315,"chr4",176
190044226,"chr4",177
1441986,"chr5",178
1847422,"chr5",178
3277900,"chr5",178
3776831,"chr5",178
5049117,"chr5",179
5517504,"chr5",179
6109733,"chr5",179
6399430,"chr5",179
6965129,"chr5",179
7256595,"chr5",179
7441615,"chr5",179
9908774,"chr5",179
11846725,"chr5",180
12131514,"chr5",180
13488176,"chr5",180
14711021,"chr5",180
16651529,"chr5",181
19833702,"chr5",181
19962119,"chr5",181
20904508,"chr5",182
21529888,"chr5",182
24400774,"chr5",182
24787616,"chr5",182
25320361,"chr5",183
25324094,"chr5",183
26345325,"chr5",183
27488918,"chr5",183
28321927,"chr5",183
28342455,"chr5",183
28916136,"chr5",183
29810835,"chr5",183
29810837,"chr5",183
30653312,"chr5",184
30694921,"chr5",184
31060666,"chr5",184
32834116,"chr5",184
33332579,"chr5",184
34412281,"chr5",184
34764549,"chr5",184
35842379,"chr5",185
38365262,"chr5",185
38870335,"chr5",185
38937032,"chr5",185
43722164,"chr5",186
45359959,"chr5",187
46043372,"chr5",187
46813972,"chr5",187
47054968,"chr5",187
47059944,"chr5",187
49648070,"chr5",187
49907837,"chr5",187
49925664,"chr5",187
49933141,"chr5",187
49970208,"chr5",187
50701323,"chr5",188
50908361,"chr5",188
56231674,"chr5",189
56651827,"chr5",189
57398178,"chr5",189
57870933,"chr5",189
57905140,"chr5",189
58489099,"chr5",189
59651279,"chr5",189
61030138,"chr5",190
61047918,"chr5",190
62198986,"chr5",190
63155148,"chr5",190
63155155,"chr5",190
63417557,"chr5",190
63580688,"chr5",190
64692409,"chr5",190
66310137,"chr5",191
67363561,"chr5",191
67363564,"chr5",191
69021839,"chr5",191
72640037,"chr5",192
73758588,"chr5",192
76862132,"chr5",193
77872799,"chr5",193
77872804,"chr5",193
79636353,"chr5",193
79823077,"chr5",193
80203288,"chr5",194
82654402,"chr5",194
82715985,"chr5",194
83170878,"chr5",194
83463404,"chr5",194
84074220,"chr5",194
84075196,"chr5",194
84512543,"chr5",194
85409186,"chr5",195
85649121,"chr5",195
85992955,"chr5",195
86391910,"chr5",195
90120034,"chr5",196
90268769,"chr5",196
90706195,"chr5",196
91842373,"chr5",196
91949078,"chr5",196
92196220,"chr5",196
92576583,"chr5",196
93364363,"chr5",196
93582101,"chr5",196
94088563,"chr5",196
94435283,"chr5",196
96261011,"chr5",197
97609744,"chr5",197
97837459,"chr5",197
98026976,"chr5",197
98191620,"chr5",197
98278735,"chr5",197
99410026,"chr5",197
101879401,"chr5",198
102966139,"chr5",198
103323727,"chr5",198
104183741,"chr5",198
104183744,"chr5",198
105786234,"chr5",199
106003392,"chr5",199
107891890,"chr5",199
108949797,"chr5",199
109979042,"chr5",199
110705723,"chr5",200
111054345,"chr5",200
111793042,"chr5",200
112922593,"chr5",200
113833878,"chr5",200
114550303,"chr5",200
116279599,"chr5",201
116331843,"chr5",201
117669069,"chr5",201
117669074,"chr5",201
118223128,"chr5",201
120212328,"chr5",202
121241673,"chr5",202
121934759,"chr5",202
121999661,"chr5",202
122843414,"chr5",202
123435948,"chr5",202
124986305,"chr5",202
126084088,"chr5",203
126702274,"chr5",203
126777194,"chr5",203
127090695,"chr5",203
129507685,"chr5",203
131143372,"chr5",204
133261745,"chr5",204
133299251,"chr5",204
133311815,"chr5",204
133375313,"chr5",204
133666046,"chr5",204
134516677,"chr5",204
135995392,"chr5",205
137572878,"chr5",205
139837056,"chr5",205
141589932,"chr5",206
142504770,"chr5",206
142626956,"chr5",206
142753874,"chr5",206
145584564,"chr5",207
148119183,"chr5",207
150939394,"chr5",208
150939408,"chr5",208
151290554,"chr5",208
156625216,"chr5",209
156810051,"chr5",209
157261510,"chr5",209
157261513,"chr5",209
158224197,"chr5",209
159907821,"chr5",209
160077038,"chr5",210
160135639,"chr5",210
161659358,"chr5",210
162200677,"chr5",210
162333754,"chr5",210
163756852,"chr5",210
165471207,"chr5",211
166378679,"chr5",211
167060427,"chr5",211
167105812,"chr5",211
167850059,"chr5",211
168282010,"chr5",211
169519516,"chr5",211
169622688,"chr5",211
169788726,"chr5",211
170152685,"chr5",212
170897372,"chr5",212
172558780,"chr5",212
172944579,"chr5",212
173141535,"chr5",212
173183581,"chr5",212
174707272,"chr5",212
175929965,"chr5",213
175929967,"chr5",213
176086397,"chr5",213
177234606,"chr5",213
177464472,"chr5",213
178743015,"chr5",213
179138467,"chr5",213
179153173,"chr5",213
179580248,"chr5",213
180670989,"chr5",214
709257,"chr6",215
1022597,"chr6",215
3319944,"chr6",215
4026909,"chr6",215
6052303,"chr6",216
6847894,"chr6",216
8486850,"chr6",216
10985418,"chr6",217
11089927,"chr6",217
15226964,"chr6",218
15365634,"chr6",218
21991661,"chr6",219
22481638,"chr6",219
23733327,"chr6",219
24925252,"chr6",219
25691816,"chr6",220
28595099,"chr6",220
29353984,"chr6",220
29489775,"chr6",220
30576713,"chr6",221
31936692,"chr6",221
32431606,"chr6",221
32438888,"chr6",221
33273834,"chr6",221
33343507,"chr6",221
34108794,"chr6",221
34111413,"chr6",221
35218211,"chr6",222
35413720,"chr6",222
36600674,"chr6",222
36681387,"chr6",222
37554965,"chr6",222
37986861,"chr6",222
38690014,"chr6",222
38690016,"chr6",222
39063919,"chr6",222
40604325,"chr6",223
41041358,"chr6",223
42380588,"chr6",223
42445361,"chr6",223
44394900,"chr6",223
45237703,"chr6",224
47493372,"chr6",224
49932295,"chr6",224
51006421,"chr6",225
52922244,"chr6",225
53300648,"chr6",225
55032985,"chr6",226
55150924,"chr6",226
57323096,"chr6",226
58119377,"chr6",226
60334791,"chr6",227
60635372,"chr6",227
61298418,"chr6",227
62054636,"chr6",227
62103540,"chr6",227
64016158,"chr6",227
64446988,"chr6",227
64454024,"chr6",227
66004045,"chr6",228
66500924,"chr6",228
67660823,"chr6",228
70165949,"chr6",229
70790544,"chr6",229
70823738,"chr6",229
71265968,"chr6",229
75770254,"chr6",230
76927124,"chr6",230
77015843,"chr6",230
77541249,"chr6",230
78917022,"chr6",230
86192733,"chr6",232
92539380,"chr6",233
94281025,"chr6",233
98263521,"chr6",234
98557077,"chr6",234
100562641,"chr6",235
101306383,"chr6",235
101307466,"chr6",235
101308358,"chr6",235
102022152,"chr6",235
104621467,"chr6",235
105147406,"chr6",236
105453555,"chr6",236
105555331,"chr6",236
105575454,"chr6",236
106627820,"chr6",236
109320390,"chr6",236
111263996,"chr6",237
112138121,"chr6",237
112149095,"chr6",237
112149116,"chr6",237
112478622,"chr6",237
112798135,"chr6",237
113234000,"chr6",237
113267915,"chr6",237
115142839,"chr6",238
115355051,"chr6",238
115798530,"chr6",238
117216175,"chr6",238
117216178,"chr6",238
117343099,"chr6",238
119709612,"chr6",238
120482552,"chr6",239
120794530,"chr6",239
122754646,"chr6",239
124083897,"chr6",239
124417211,"chr6",239
126776103,"chr6",240
126988392,"chr6",240
132769471,"chr6",241
133326307,"chr6",241
133326311,"chr6",241
134155771,"chr6",241
134155774,"chr6",241
141368739,"chr6",243
141949027,"chr6",243
142608573,"chr6",243
143304675,"chr6",243
146386536,"chr6",244
150167973,"chr6",245
150665090,"chr6",245
153466862,"chr6",245
154837992,"chr6",245
155332433,"chr6",246
156137285,"chr6",246
159451588,"chr6",246
159608516,"chr6",246
160536161,"chr6",247
162642718,"chr6",247
162750279,"chr6",247
163290294,"chr6",247
164713478,"chr6",247
164856279,"chr6",247
165806200,"chr6",248
166927829,"chr6",248
167208402,"chr6",248
170486677,"chr6",249
831008,"chr7",250
875157,"chr7",250
1213680,"chr7",250
1213691,"chr7",250
2136258,"chr7",250
2356589,"chr7",250
3422512,"chr7",250
4541388,"chr7",250
4615642,"chr7",250
5475093,"chr7",251
5801871,"chr7",251
5929030,"chr7",251
6002320,"chr7",251
6800744,"chr7",251
7170776,"chr7",251
8203026,"chr7",251
8800262,"chr7",251
8957658,"chr7",251
9967069,"chr7",251
10399809,"chr7",252
11896645,"chr7",252
12866864,"chr7",252
13085665,"chr7",252
14161500,"chr7",252
14736198,"chr7",252
16014095,"chr7",253
16283267,"chr7",253
16617931,"chr7",253
16734157,"chr7",253
17724977,"chr7",253
19024355,"chr7",253
19339432,"chr7",253
20361868,"chr7",254
21030122,"chr7",254
22261594,"chr7",254
23013084,"chr7",254
27250613,"chr7",255
28922942,"chr7",255
29334734,"chr7",255
29351948,"chr7",255
30300370,"chr7",256
31030978,"chr7",256
32913780,"chr7",256
33998086,"chr7",256
36121189,"chr7",257
36185913,"chr7",257
39371206,"chr7",257
40627098,"chr7",258
40704386,"chr7",258
41482191,"chr7",258
42562988,"chr7",258
43416707,"chr7",258
43700564,"chr7",258
43749649,"chr7",258
45853792,"chr7",259
46207161,"chr7",259
48952294,"chr7",259
49051183,"chr7",259
49671261,"chr7",259
50819221,"chr7",260
52102007,"chr7",260
52137304,"chr7",260
52648628,"chr7",260
53151972,"chr7",260
53519702,"chr7",260
54830330,"chr7",260
55895830,"chr7",261
56564622,"chr7",261
57213897,"chr7",261
57287548,"chr7",261
57590279,"chr7",261
57666109,"chr7",261
59502406,"chr7",261
59611433,"chr7",261
59749624,"chr7",261
60088901,"chr7",262
60141589,"chr7",262
60224834,"chr7",262
60322286,"chr7",262
60611362,"chr7",262
61172518,"chr7",262
61501648,"chr7",262
62400252,"chr7",262
62625884,"chr7",262
63225606,"chr7",262
64617647,"chr7",262
65143994,"chr7",263
65765531,"chr7",263
66404836,"chr7",263
66458370,"chr7",263
68573740,"chr7",263
69465717,"chr7",263
69734254,"chr7",263
70081191,"chr7",264
71055032,"chr7",264
71319126,"chr7",264
71544136,"chr7",264
71670903,"chr7",264
71737781,"chr7",264
72069171,"chr7",264
72168810,"chr7",264
74370586,"chr7",264
76246951,"chr7",265
77087631,"chr7",265
78370840,"chr7",265
78541337,"chr7",265
79906596,"chr7",265
80338388,"chr7",266
85156110,"chr7",267
85633196,"chr7",267
85992931,"chr7",267
86221252,"chr7",267
86354538,"chr7",267
87688219,"chr7",267
88292100,"chr7",267
88992792,"chr7",267
89641925,"chr7",267
91216852,"chr7",268
91466690,"chr7",268
91571467,"chr7",268
92171671,"chr7",268
95040381,"chr7",269
95638833,"chr7",269
95902623,"chr7",269
96229800,"chr7",269
96598415,"chr7",269
96994545,"chr7",269
97117768,"chr7",269
97248930,"chr7",269
97382904,"chr7",269
97802558,"chr7",269
98487287,"chr7",269
99259851,"chr7",269
99898807,"chr7",269
99952396,"chr7",269
100135230,"chr7",270
100525900,"chr7",270
100586683,"chr7",270
100866443,"chr7",270
101360380,"chr7",270
102543874,"chr7",270
104839962,"chr7",270
105138147,"chr7",271
105481505,"chr7",271
105481508,"chr7",271
107431883,"chr7",271
109012201,"chr7",271
109841847,"chr7",271
109876805,"chr7",271
112662584,"chr7",272
113209235,"chr7",272
115271721,"chr7",273
116288724,"chr7",273
116671825,"chr7",273
117442939,"chr7",273
118910454,"chr7",273
120213463,"chr7",274
120741068,"chr7",274
121127809,"chr7",274
122103517,"chr7",274
123719641,"chr7",274
123808373,"chr7",274
124995222,"chr7",274
125138829,"chr7",275
125512123,"chr7",275
125698483,"chr7",275
126335503,"chr7",275
126601874,"chr7",275
128296227,"chr7",275
129439752,"chr7",275
131094837,"chr7",276
133036841,"chr7",276
133086895,"chr7",276
133165997,"chr7",276
133166002,"chr7",276
133380223,"chr7",276
134507695,"chr7",276
136745321,"chr7",277
137915465,"chr7",277
138063237,"chr7",277
139075075,"chr7",277
139327097,"chr7",277
142115638,"chr7",278
144053233,"chr7",278
144217736,"chr7",278
144388876,"chr7",278
144425850,"chr7",278
144965813,"chr7",278
145240893,"chr7",279
145806997,"chr7",279
146302751,"chr7",279
146411962,"chr7",279
146645787,"chr7",279
147269503,"chr7",279
149324864,"chr7",279
149507263,"chr7",279
149607112,"chr7",279
149899468,"chr7",279
151682747,"chr7",280
151682755,"chr7",280
156303677,"chr7",281
157544060,"chr7",281
157722474,"chr7",281
157878299,"chr7",281
157924182,"chr7",281
157988508,"chr7",281
158156489,"chr7",281
661128,"chr8",282
2669409,"chr8",282
3102756,"chr8",282
3479367,"chr8",282
3793473,"chr8",282
4665674,"chr8",282
4780978,"chr8",282
7246071,"chr8",283
8644759,"chr8",283
9192947,"chr8",283
9253436,"chr8",283
9728511,"chr8",283
10504956,"chr8",284
10835074,"chr8",284
10905909,"chr8",284
12058923,"chr8",284
13295955,"chr8",284
19259533,"chr8",285
20173935,"chr8",286
20718558,"chr8",286
25232793,"chr8",287
26384087,"chr8",287
27427399,"chr8",287
28080445,"chr8",287
28585973,"chr8",287
30458583,"chr8",288
30933254,"chr8",288
33579874,"chr8",288
34187056,"chr8",288
35100221,"chr8",289
35930685,"chr8",289
36421056,"chr8",289
36421067,"chr8",289
36665508,"chr8",289
37128736,"chr8",289
37231207,"chr8",289
37958856,"chr8",289
38828627,"chr8",289
39362505,"chr8",289
39521329,"chr8",289
39705835,"chr8",289
41880373,"chr8",290
42296050,"chr8",290
43678925,"chr8",290
43983343,"chr8",290
44117059,"chr8",290
44460891,"chr8",290
46156688,"chr8",291
46324817,"chr8",291
48631013,"chr8",291
48991194,"chr8",291
49514124,"chr8",291
50747745,"chr8",292
50914970,"chr8",292
51114876,"chr8",292
52661776,"chr8",292
54950664,"chr8",292
54993601,"chr8",292
55803426,"chr8",293
55822051,"chr8",293
58410889,"chr8",293
60609985,"chr8",294
61592618,"chr8",294
63693865,"chr8",294
63986759,"chr8",294
63996522,"chr8",294
64229364,"chr8",294
64280036,"chr8",294
65751783,"chr8",295
68684124,"chr8",295
68799395,"chr8",295
69888019,"chr8",295
70044242,"chr8",296
70395497,"chr8",296
71444070,"chr8",296
72536032,"chr8",296
73079413,"chr8",296
74580388,"chr8",296
74769999,"chr8",296
74914942,"chr8",296
75309756,"chr8",297
75578624,"chr8",297
75621623,"chr8",297
76715478,"chr8",297
77227902,"chr8",297
77336512,"chr8",297
77336542,"chr8",297
78261163,"chr8",297
78276258,"chr8",297
78276261,"chr8",297
78539761,"chr8",297
79024280,"chr8",297
82137911,"chr8",298
84689082,"chr8",298
85093371,"chr8",299
87208412,"chr8",299
87586169,"chr8",299
88073181,"chr8",299
93152193,"chr8",300
95079954,"chr8",301
95253769,"chr8",301
95494973,"chr8",301
98032838,"chr8",301
99355056,"chr8",301
99704510,"chr8",301
100514933,"chr8",302
100951554,"chr8",302
101293945,"chr8",302
103217653,"chr8",302
104603639,"chr8",302
106859282,"chr8",303
107680882,"chr8",303
108481923,"chr8",303
108573291,"chr8",303
111486158,"chr8",304
111505809,"chr8",304
112361592,"chr8",304
112926272,"chr8",304
114309757,"chr8",304
116287423,"chr8",305
116723430,"chr8",305
120374403,"chr8",306
120667474,"chr8",306
121805986,"chr8",306
121955326,"chr8",306
125354221,"chr8",307
125616402,"chr8",307
126696787,"chr8",307
128507252,"chr8",307
130873690,"chr8",308
131225642,"chr8",308
131313269,"chr8",308
133658635,"chr8",308
134638816,"chr8",308
134960853,"chr8",308
135703258,"chr8",309
135940566,"chr8",309
136667802,"chr8",309
137484008,"chr8",309
140592873,"chr8",310
141385783,"chr8",310
141892403,"chr8",310
141934396,"chr8",310
142177216,"chr8",310
142763039,"chr8",310
143952208,"chr8",310
83768,"chr9",312
135785,"chr9",312
182346,"chr9",312
1614115,"chr9",312
2965656,"chr9",312
3226448,"chr9",312
3528283,"chr9",312
3659629,"chr9",312
4315577,"chr9",312
4381571,"chr9",312
5685546,"chr9",313
6939686,"chr9",313
7464641,"chr9",313
9030331,"chr9",313
9923937,"chr9",313
13147117,"chr9",314
13449689,"chr9",314
13862549,"chr9",314
15483399,"chr9",315
15902275,"chr9",315
18154323,"chr9",315
18452956,"chr9",315
19430966,"chr9",315
20133409,"chr9",316
21636392,"chr9",316
23055716,"chr9",316
28256384,"chr9",317
28256387,"chr9",317
28553122,"chr9",317
29611922,"chr9",317
30081229,"chr9",318
30081231,"chr9",318
30216844,"chr9",318
30575960,"chr9",318
33116856,"chr9",318
33536282,"chr9",318
34146039,"chr9",318
35460596,"chr9",319
35709636,"chr9",319
36397083,"chr9",319
37428363,"chr9",319
37486988,"chr9",319
37912729,"chr9",319
39459968,"chr9",319
39810290,"chr9",319
40307674,"chr9",320
40522048,"chr9",320
40540197,"chr9",320
42059927,"chr9",320
43972404,"chr9",320
43995705,"chr9",320
44103090,"chr9",320
44504167,"chr9",320
44834646,"chr9",320
45099759,"chr9",321
45099767,"chr9",321
45150512,"chr9",321
45361014,"chr9",321
60652404,"chr9",324
62400287,"chr9",324
63734193,"chr9",324
64401606,"chr9",324
64498909,"chr9",324
68271359,"chr9",325
69838340,"chr9",325
69965304,"chr9",325
70233326,"chr9",326
71108587,"chr9",326
74460412,"chr9",326
75088427,"chr9",327
75869661,"chr9",327
75929513,"chr9",327
76424553,"chr9",327
76897402,"chr9",327
78676307,"chr9",327
79379173,"chr9",327
80857430,"chr9",328
81077308,"chr9",328
81316097,"chr9",328
81689661,"chr9",328
83394399,"chr9",328
84153330,"chr9",328
84891935,"chr9",328
86895094,"chr9",329
87072044,"chr9",329
87680651,"chr9",329
87982367,"chr9",329
89416939,"chr9",329
90444160,"chr9",330
90545027,"chr9",330
90782913,"chr9",330
91385758,"chr9",330
92523094,"chr9",330
93088513,"chr9",330
93156703,"chr9",330
94781105,"chr9",330
95003167,"chr9",331
96988038,"chr9",331
97551035,"chr9",331
99988445,"chr9",331
100265366,"chr9",332
101819963,"chr9",332
102498281,"chr9",332
102825582,"chr9",332
103689657,"chr9",332
105013349,"chr9",333
105201350,"chr9",333
111089797,"chr9",334
111217136,"chr9",334
113576005,"chr9",334
113576011,"chr9",334
114372979,"chr9",334
114680121,"chr9",334
114797846,"chr9",334
116062793,"chr9",335
118442533,"chr9",335
119008810,"chr9",335
119960410,"chr9",335
121036779,"chr9",336
122112014,"chr9",336
123145149,"chr9",336
124598581,"chr9",336
124975250,"chr9",336
125127381,"chr9",337
125345039,"chr9",337
128476668,"chr9",337
128948340,"chr9",337
129533693,"chr9",337
129899060,"chr9",337
131501184,"chr9",338
131869769,"chr9",338
136051178,"chr9",339
136160471,"chr9",339
136970362,"chr9",339
137556517,"chr9",339
137620006,"chr9",339
