cell,V1,V2
0.0,16.096630096435547,4.312010765075684
1.0,5.5723443031311035,17.461999893188477
2.0,-7.955455303192139,6.0785675048828125
3.0,5.566134452819824,18.033620834350586
4.0,16.697601318359375,4.396476745605469
5.0,16.304492950439453,4.973067283630371
6.0,-6.722973346710205,5.93126106262207
7.0,16.16617202758789,4.401695728302002
8.0,17.025104522705078,4.474710464477539
9.0,16.09716033935547,4.3464765548706055
10.0,15.878171920776367,3.2615668773651123
11.0,16.269899368286133,3.454911708831787
12.0,15.759626388549805,4.771505355834961
13.0,2.706718683242798,-9.506189346313477
14.0,2.1794962882995605,-9.963850975036621
15.0,2.6055502891540527,-9.05984878540039
16.0,2.0094399452209473,-9.627259254455566
17.0,16.41663932800293,3.307178497314453
18.0,16.746620178222656,3.594367027282715
19.0,-7.421452045440674,5.830018043518066
20.0,16.599252700805664,3.3872601985931396
21.0,16.62236785888672,4.333618640899658
22.0,16.62659454345703,4.872964859008789
23.0,15.607332229614258,4.5566182136535645
24.0,-7.706700325012207,6.108569622039795
25.0,5.524754524230957,17.525774002075195
26.0,-6.688445091247559,5.792377471923828
27.0,5.374711990356445,17.94529151916504
28.0,16.07515525817871,4.679501533508301
29.0,15.534420013427734,3.793087959289551
30.0,16.545852661132812,4.279618263244629
31.0,16.30867576599121,4.448886394500732
32.0,16.245342254638672,3.216409206390381
33.0,2.558091878890991,-9.98718547821045
34.0,-6.708111763000488,6.256338119506836
35.0,2.059366464614868,-9.51689624786377
36.0,16.660924911499023,3.335106134414673
37.0,2.8550925254821777,-9.446107864379883
38.0,-7.139730930328369,6.648294448852539
39.0,-6.891692161560059,5.264771461486816
40.0,-7.699795246124268,5.350266933441162
41.0,16.6384334564209,3.3571317195892334
42.0,16.2220401763916,4.597889423370361
43.0,2.4068307876586914,-9.16239070892334
44.0,2.4644181728363037,-9.997482299804688
45.0,2.7406184673309326,-8.99123764038086
46.0,2.8913376331329346,-9.857211112976074
47.0,16.795608520507812,4.442584991455078
48.0,16.437591552734375,4.416564464569092
49.0,2.779825448989868,-9.825528144836426
50.0,5.713539123535156,18.06538963317871
51.0,2.5346057415008545,-9.616168975830078
52.0,2.785621404647827,-9.8006010055542
53.0,-7.659757137298584,5.919232368469238
54.0,2.873002052307129,-9.714315414428711
55.0,15.528043746948242,3.5354716777801514
56.0,15.397871971130371,4.183267593383789
57.0,-7.614847183227539,6.606803894042969
58.0,5.391242980957031,17.616268157958984
59.0,15.769038200378418,3.2440924644470215
60.0,16.34457015991211,3.716996669769287
61.0,15.67280101776123,4.344372272491455
62.0,15.3958740234375,4.462315082550049
63.0,2.935164213180542,-9.464755058288574
64.0,-7.048429012298584,6.546253204345703
65.0,-7.767904758453369,6.303981781005859
66.0,16.911211013793945,4.224783897399902
67.0,16.482206344604492,3.813002109527588
68.0,16.147842407226562,3.4612767696380615
69.0,5.593968868255615,17.817211151123047
70.0,2.7460076808929443,-10.097491264343262
71.0,2.206813335418701,-9.85230827331543
72.0,2.8062901496887207,-9.892871856689453
73.0,-6.933346748352051,5.660580635070801
74.0,5.57845401763916,17.505542755126953
75.0,5.671848297119141,18.15653419494629
76.0,16.32665252685547,4.812505722045898
77.0,5.855135440826416,17.82194709777832
78.0,-6.499558448791504,5.881046295166016
79.0,15.492667198181152,4.35636568069458
80.0,-8.017416954040527,6.290651798248291
81.0,2.6423559188842773,-9.15464973449707
82.0,16.61990737915039,3.413666248321533
83.0,-7.319215774536133,6.461822509765625
84.0,15.748921394348145,3.892634868621826
85.0,-7.083441734313965,6.738957405090332
86.0,-6.990965366363525,6.548713684082031
87.0,15.680537223815918,3.338555335998535
88.0,16.108139038085938,3.475025177001953
89.0,5.643893241882324,18.222747802734375
90.0,1.8597484827041626,-9.207584381103516
91.0,15.791348457336426,4.6264543533325195
92.0,-7.540091514587402,5.425143241882324
93.0,15.58202075958252,4.944424152374268
94.0,15.837342262268066,4.936700344085693
95.0,15.710481643676758,4.407116413116455
96.0,2.9086618423461914,-9.974218368530273
97.0,16.71486473083496,3.605774402618408
98.0,-6.643135070800781,5.787123680114746
99.0,16.186765670776367,3.77143931388855
100.0,-7.403752326965332,6.238342761993408
101.0,5.769924640655518,17.48137855529785
102.0,1.9929282665252686,-9.255488395690918
103.0,5.820656776428223,17.938739776611328
104.0,2.849543809890747,-9.512396812438965
105.0,-7.641597747802734,5.8089494705200195
106.0,-7.893670558929443,5.5663676261901855
107.0,-6.77374792098999,5.617119312286377
108.0,5.689793109893799,18.219308853149414
109.0,-6.94228458404541,5.954377174377441
110.0,2.9893290996551514,-9.460820198059082
111.0,15.45775032043457,3.4924728870391846
112.0,5.407209396362305,17.71173095703125
113.0,16.318946838378906,3.529841184616089
114.0,16.659423828125,4.868460655212402
115.0,15.566729545593262,3.5121688842773438
116.0,16.22651481628418,3.2364253997802734
117.0,15.991535186767578,4.841049671173096
118.0,2.2823774814605713,-9.944150924682617
119.0,16.492136001586914,4.62486457824707
120.0,-7.537033557891846,6.570599555969238
121.0,15.392711639404297,3.6615631580352783
122.0,15.63424301147461,3.4335341453552246
123.0,3.0174882411956787,-9.716349601745605
124.0,2.4361727237701416,-9.990667343139648
125.0,2.487445116043091,-9.125428199768066
126.0,-7.093950271606445,6.335747718811035
127.0,-6.539163589477539,6.227591037750244
128.0,-6.511699676513672,6.187035083770752
129.0,15.479985237121582,4.184865951538086
130.0,2.6845505237579346,-9.071269035339355
131.0,-7.37934684753418,5.2238616943359375
132.0,-6.8364763259887695,6.518267631530762
133.0,-6.815252780914307,5.647497653961182
134.0,2.0996642112731934,-9.624815940856934
135.0,15.757445335388184,4.796377182006836
136.0,5.784824371337891,18.139694213867188
137.0,15.562578201293945,3.7116806507110596
138.0,16.207504272460938,3.8676931858062744
139.0,15.937247276306152,4.457335472106934
140.0,16.92584991455078,3.982874870300293
141.0,15.606268882751465,4.599804401397705
142.0,5.869400501251221,17.91309928894043
143.0,5.949301719665527,17.619783401489258
144.0,-6.817104816436768,6.719037055969238
145.0,15.55580997467041,4.791167736053467
146.0,5.636408805847168,17.852313995361328
147.0,15.143411636352539,3.9032936096191406
148.0,5.963280200958252,17.635486602783203
149.0,16.566734313964844,3.847791910171509
150.0,2.031468391418457,-9.444489479064941
151.0,-7.443717956542969,5.656933307647705
152.0,2.875706911087036,-9.123342514038086
153.0,-7.4322123527526855,6.102892875671387
154.0,16.557592391967773,3.4185280799865723
155.0,2.6533687114715576,-9.804298400878906
156.0,16.04551124572754,3.4106969833374023
157.0,-7.49588680267334,5.3397393226623535
158.0,16.032991409301758,4.870345592498779
159.0,2.469125509262085,-9.7936372756958
160.0,-7.010040283203125,6.1795148849487305
161.0,15.633893966674805,3.3224031925201416
162.0,15.846217155456543,3.7740206718444824
163.0,15.398797988891602,4.612563610076904
164.0,2.17842435836792,-9.074235916137695
165.0,16.047000885009766,4.636516094207764
166.0,-6.81795597076416,6.569476127624512
167.0,-6.6157073974609375,6.36677885055542
168.0,5.817965984344482,17.613216400146484
169.0,-7.940818786621094,5.956986904144287
170.0,15.546031951904297,4.125463962554932
171.0,16.145465850830078,3.2799816131591797
172.0,15.991896629333496,4.896050453186035
173.0,15.240412712097168,4.127261161804199
174.0,-7.339437484741211,5.288223743438721
175.0,-6.735550880432129,6.482878684997559
176.0,-6.984133720397949,6.5148491859436035
177.0,2.4065942764282227,-9.338530540466309
178.0,15.705331802368164,4.787567615509033
179.0,15.373684883117676,4.40389347076416
180.0,-6.834245681762695,5.959730625152588
181.0,2.5551044940948486,-9.812300682067871
182.0,16.58872413635254,3.311669111251831
183.0,16.73679542541504,4.514467239379883
184.0,5.530071258544922,17.817670822143555
185.0,15.980548858642578,3.3371362686157227
186.0,5.93706750869751,17.9012508392334
187.0,-7.180142879486084,5.335566997528076
188.0,-7.596725940704346,6.366274833679199
189.0,-7.82949161529541,5.416467189788818
190.0,-7.037477016448975,6.282197952270508
191.0,-7.603245258331299,5.9480204582214355
192.0,2.040675163269043,-9.7952880859375
193.0,2.8809871673583984,-9.830398559570312
194.0,15.425365447998047,4.647063255310059
195.0,15.441779136657715,4.687335014343262
196.0,2.563300609588623,-9.251688957214355
197.0,-6.758193016052246,6.2657880783081055
198.0,15.804670333862305,4.514666557312012
199.0,2.2460739612579346,-9.009493827819824
200.0,2.846677780151367,-9.534887313842773
201.0,16.2014217376709,3.86104679107666
202.0,2.4755513668060303,-9.314131736755371
203.0,-7.01413106918335,6.71937370300293
204.0,5.9845147132873535,17.547412872314453
205.0,16.92662811279297,4.490741729736328
206.0,-7.498069763183594,6.709658622741699
207.0,-6.834280014038086,5.561147689819336
208.0,-6.938467502593994,6.215519428253174
209.0,16.951305389404297,4.154856204986572
210.0,-7.303665637969971,5.453703880310059
211.0,-7.225713729858398,5.474642276763916
212.0,16.745346069335938,3.9356095790863037
213.0,16.779781341552734,4.2007036209106445
214.0,16.010570526123047,3.6360111236572266
215.0,2.952000617980957,-9.8881254196167
216.0,-7.702810764312744,6.345526695251465
217.0,-7.979063510894775,5.7259602546691895
218.0,2.485370635986328,-8.953324317932129
219.0,-6.71652889251709,6.242615222930908
220.0,-7.512820243835449,6.550931453704834
221.0,2.385622978210449,-8.911140441894531
222.0,-7.656889915466309,6.563803195953369
223.0,16.701663970947266,4.431056499481201
224.0,5.539669036865234,17.574176788330078
225.0,2.2239489555358887,-9.129727363586426
226.0,-8.014700889587402,5.9669880867004395
227.0,-7.3047075271606445,5.556807518005371
228.0,2.645507335662842,-9.913973808288574
229.0,-7.43825626373291,5.828885078430176
230.0,-6.745858192443848,5.530416011810303
231.0,2.0400805473327637,-9.630425453186035
232.0,2.107862710952759,-9.816573143005371
233.0,5.355878829956055,17.96506690979004
234.0,2.838970899581909,-9.80728530883789
235.0,5.795930862426758,17.753021240234375
236.0,5.990415573120117,17.776424407958984
237.0,-7.689896106719971,6.0423455238342285
238.0,-6.999467849731445,5.774440288543701
239.0,16.4676513671875,4.617609977722168
240.0,16.011903762817383,4.000395774841309
241.0,16.89078140258789,3.5430498123168945
242.0,2.7615132331848145,-9.061358451843262
243.0,5.368008613586426,17.8197021484375
244.0,1.9695110321044922,-9.263427734375
245.0,15.83689022064209,4.84916877746582
246.0,15.449267387390137,4.147979736328125
247.0,16.636669158935547,4.858922481536865
248.0,15.816890716552734,3.4375782012939453
249.0,2.608330726623535,-9.95348834991455
250.0,2.057101011276245,-9.453136444091797
251.0,16.725231170654297,4.797834873199463
252.0,16.446733474731445,3.3070130348205566
253.0,15.79830551147461,3.8928961753845215
254.0,16.52680206298828,4.327364921569824
255.0,-7.280369758605957,6.169946670532227
256.0,2.365034580230713,-9.058769226074219
257.0,15.260342597961426,4.345506191253662
258.0,-7.106189727783203,5.694661617279053
259.0,16.65220832824707,3.639918565750122
260.0,-7.224874973297119,5.9909586906433105
261.0,2.7348392009735107,-9.225451469421387
262.0,2.5654819011688232,-9.264925003051758
263.0,5.792840003967285,17.952714920043945
264.0,15.873748779296875,4.074258804321289
265.0,15.36694622039795,4.315232753753662
266.0,5.247503757476807,17.721647262573242
267.0,-6.498202323913574,5.798694610595703
268.0,15.699100494384766,4.431443691253662
269.0,16.956270217895508,4.423761367797852
270.0,2.210216522216797,-9.623966217041016
271.0,-6.887149333953857,5.345221042633057
272.0,-7.067589282989502,6.488265514373779
273.0,15.318195343017578,4.0976667404174805
274.0,2.7760872840881348,-9.391927719116211
275.0,16.24204444885254,3.38496732711792
276.0,6.053128242492676,17.87158203125
277.0,1.966450810432434,-9.924622535705566
278.0,5.628568172454834,17.863412857055664
279.0,2.1440038681030273,-9.246589660644531
280.0,1.9915845394134521,-9.877091407775879
281.0,5.81788969039917,17.719017028808594
282.0,-7.445929527282715,5.36683464050293
283.0,15.525216102600098,3.8445353507995605
284.0,-6.753989219665527,6.132509231567383
285.0,5.8173627853393555,17.96009063720703
286.0,-7.88365364074707,6.390097618103027
287.0,15.507238388061523,3.53436541557312
288.0,2.0793967247009277,-9.652595520019531
289.0,5.416381359100342,17.746232986450195
290.0,16.151203155517578,3.385953426361084
291.0,16.81317710876465,4.406400680541992
292.0,16.575687408447266,3.9016776084899902
293.0,15.222701072692871,4.317602634429932
294.0,5.711460590362549,17.468669891357422
295.0,15.903355598449707,4.549572944641113
296.0,17.0617733001709,4.0699076652526855
297.0,16.250320434570312,4.547877311706543
298.0,15.788631439208984,5.073319911956787
299.0,-7.023280620574951,6.268649578094482
300.0,15.46037769317627,4.439655780792236
301.0,2.1940791606903076,-9.975019454956055
302.0,16.83905601501465,3.817394733428955
303.0,-6.731086254119873,6.1519999504089355
304.0,-7.798430919647217,5.62177848815918
305.0,17.003559112548828,4.3124566078186035
306.0,-7.3145670890808105,6.6627678871154785
307.0,2.2761287689208984,-9.235925674438477
308.0,15.658975601196289,4.854719161987305
309.0,5.783742427825928,17.924001693725586
310.0,15.724750518798828,4.808498859405518
311.0,5.698512554168701,18.047351837158203
312.0,16.02240753173828,3.5454835891723633
313.0,-6.720284938812256,6.042929649353027
314.0,-6.834005832672119,5.6871747970581055
315.0,2.8082985877990723,-9.125426292419434
316.0,16.3741455078125,4.777005195617676
317.0,5.794482231140137,17.823135375976562
318.0,2.29034686088562,-9.484248161315918
319.0,2.3971166610717773,-9.055807113647461
320.0,5.802519798278809,17.609127044677734
321.0,2.9024715423583984,-9.374214172363281
322.0,2.3415019512176514,-9.447355270385742
323.0,15.680083274841309,3.802276134490967
324.0,5.467292308807373,17.944360733032227
325.0,-7.77319860458374,5.8199992179870605
326.0,-7.861331939697266,5.538147449493408
327.0,5.432763576507568,17.751625061035156
328.0,16.516109466552734,4.003086090087891
329.0,16.860393524169922,3.541715145111084
330.0,-7.419703483581543,6.8007025718688965
331.0,15.862369537353516,3.2346010208129883
332.0,16.508434295654297,4.8236165046691895
333.0,16.265846252441406,3.427224636077881
334.0,-6.668427467346191,6.262641906738281
335.0,-7.342061519622803,6.575791358947754
336.0,-7.8683648109436035,6.143289566040039
337.0,-7.543764591217041,6.210739612579346
338.0,2.1925294399261475,-9.06676197052002
339.0,-7.001857280731201,6.506706237792969
340.0,15.44786262512207,3.8435044288635254
341.0,2.5048654079437256,-9.231703758239746
342.0,16.43556022644043,4.60507345199585
343.0,-7.576503753662109,5.377264976501465
344.0,2.1355741024017334,-9.698308944702148
345.0,5.4330878257751465,17.615652084350586
346.0,16.187211990356445,3.4251508712768555
347.0,16.395397186279297,3.772752523422241
348.0,15.991194725036621,4.991968154907227
349.0,-6.7830095291137695,5.8529887199401855
350.0,-6.9748616218566895,6.526833534240723
351.0,15.374662399291992,3.6806833744049072
352.0,16.239498138427734,3.408216714859009
353.0,-7.287253379821777,6.023342609405518
354.0,2.809443950653076,-9.676188468933105
355.0,16.66990089416504,4.503104209899902
356.0,-7.619105815887451,5.5072736740112305
357.0,16.3454647064209,3.7562496662139893
358.0,-7.723559379577637,5.757584095001221
359.0,17.020126342773438,4.064918518066406
360.0,16.84209632873535,3.6147687435150146
361.0,16.074708938598633,3.9253199100494385
362.0,15.4550199508667,3.829657554626465
363.0,-7.7481369972229,6.107402324676514
364.0,16.709640502929688,3.538778781890869
365.0,2.5517938137054443,-9.031206130981445
366.0,16.825645446777344,4.4713897705078125
367.0,-6.947766304016113,5.93750524520874
368.0,-7.3716139793396,5.46264123916626
369.0,-6.936997890472412,5.358580589294434
370.0,-7.453845024108887,5.4039716720581055
371.0,1.8711670637130737,-9.568522453308105
372.0,-7.969058990478516,6.272337913513184
373.0,15.72538948059082,4.196438312530518
374.0,3.0279877185821533,-9.499674797058105
375.0,16.009885787963867,3.221310615539551
376.0,-7.031343460083008,5.214273929595947
377.0,15.402859687805176,4.602059364318848
378.0,15.338808059692383,4.306273937225342
379.0,-6.964274883270264,6.2030029296875
380.0,16.957748413085938,3.960099697113037
381.0,2.046201229095459,-9.67818832397461
382.0,15.340599060058594,3.519415855407715
383.0,2.199065685272217,-9.67102336883545
384.0,-7.737500190734863,5.702764511108398
385.0,16.626893997192383,4.473898410797119
386.0,2.958153247833252,-9.55001163482666
387.0,-7.711387634277344,6.045162677764893
388.0,2.8841464519500732,-9.325048446655273
389.0,16.96319007873535,4.05018949508667
390.0,-7.654043197631836,5.620230674743652
391.0,-6.9457831382751465,5.527674674987793
392.0,-7.952237606048584,6.045248031616211
393.0,-7.103579521179199,6.536513328552246
394.0,15.50229263305664,3.5347611904144287
395.0,15.551798820495605,3.587958335876465
396.0,-8.053936958312988,6.259544372558594
397.0,-7.950099945068359,6.171637535095215
398.0,16.143537521362305,3.666245222091675
399.0,2.6822879314422607,-9.745863914489746
400.0,16.397117614746094,4.877578258514404
401.0,-7.991676330566406,6.195310592651367
402.0,15.567591667175293,4.652531147003174
403.0,16.181581497192383,4.640213489532471
404.0,15.86546802520752,4.342923164367676
405.0,5.546962738037109,18.13414192199707
406.0,-7.551807403564453,5.3324384689331055
407.0,2.100486993789673,-9.779021263122559
408.0,2.6951146125793457,-9.117578506469727
409.0,15.882338523864746,3.5141708850860596
410.0,15.979104042053223,3.8220772743225098
411.0,15.324399948120117,4.2510857582092285
412.0,-6.898789405822754,6.456940650939941
413.0,16.20611000061035,3.169464588165283
414.0,2.242354154586792,-9.914765357971191
415.0,16.004640579223633,4.573257923126221
416.0,-7.036726951599121,6.4710001945495605
417.0,5.304093360900879,17.71427345275879
418.0,2.268733501434326,-9.112529754638672
419.0,15.945341110229492,4.322389125823975
420.0,1.8791946172714233,-9.5147066116333
421.0,5.717249870300293,17.608827590942383
422.0,-6.672266960144043,5.8532586097717285
423.0,15.394201278686523,3.9400131702423096
424.0,15.69652271270752,4.4635515213012695
425.0,16.380931854248047,3.4662294387817383
426.0,15.978521347045898,3.907165050506592
427.0,-6.886940002441406,5.446282863616943
428.0,2.692117691040039,-9.729494094848633
429.0,16.169748306274414,3.3621721267700195
430.0,2.8180487155914307,-9.313060760498047
431.0,5.772678852081299,17.53761100769043
432.0,5.8799614906311035,17.901155471801758
433.0,5.5048627853393555,18.117218017578125
434.0,-7.0087714195251465,5.822605609893799
435.0,15.943259239196777,4.590697288513184
436.0,15.272841453552246,4.276786804199219
437.0,2.6255645751953125,-9.112483024597168
438.0,2.6554102897644043,-9.389471054077148
439.0,5.571237087249756,17.924898147583008
440.0,-7.656399726867676,6.571495532989502
441.0,2.6840460300445557,-9.489164352416992
442.0,16.341419219970703,4.878360271453857
443.0,15.314103126525879,4.570916652679443
444.0,-7.297546863555908,5.374657154083252
445.0,16.802907943725586,4.29110050201416
446.0,16.824602127075195,4.404394149780273
447.0,-7.624511241912842,5.456754684448242
448.0,16.445262908935547,3.6915438175201416
449.0,2.090895175933838,-9.415718078613281
450.0,-7.118226051330566,6.017364501953125
451.0,-7.466705322265625,6.282163619995117
452.0,16.70066261291504,3.704880714416504
453.0,-7.5948662757873535,6.174145221710205
454.0,-6.801494121551514,6.430854797363281
455.0,1.9577250480651855,-9.571022987365723
456.0,-7.6036272048950195,6.260269641876221
457.0,-6.65521240234375,5.44185733795166
458.0,-6.845548629760742,6.425350189208984
459.0,5.765292644500732,17.908611297607422
460.0,-7.181299209594727,5.556117534637451
461.0,6.013449668884277,17.80010986328125
462.0,5.848143577575684,17.9220027923584
463.0,-6.703694820404053,5.635284900665283
464.0,2.6617238521575928,-9.681160926818848
465.0,-7.621201038360596,6.138047695159912
466.0,16.519529342651367,4.936159610748291
467.0,-7.833835601806641,6.225457668304443
468.0,16.614309310913086,4.565183162689209
469.0,-7.1773905754089355,5.613308429718018
470.0,15.9798583984375,5.035489559173584
471.0,-7.080493927001953,5.517410755157471
472.0,16.198871612548828,5.003994464874268
473.0,-7.355375289916992,5.277312755584717
474.0,-6.529778003692627,5.740232944488525
475.0,-7.4297003746032715,6.421360969543457
476.0,15.392685890197754,3.81754207611084
477.0,-7.771762847900391,6.53707218170166
478.0,-7.161642551422119,5.281551361083984
479.0,1.9041920900344849,-9.50269603729248
480.0,1.9903833866119385,-9.773380279541016
481.0,15.509115219116211,3.8665966987609863
482.0,5.6128010749816895,17.77556037902832
483.0,2.7251269817352295,-9.89200496673584
484.0,-6.592046737670898,5.900625228881836
485.0,2.2996909618377686,-9.418352127075195
486.0,5.735770225524902,17.621089935302734
487.0,-7.594989776611328,5.433382034301758
488.0,16.699012756347656,4.362924098968506
489.0,-7.74876070022583,5.743398189544678
490.0,-6.698031902313232,5.998427867889404
491.0,-7.308773040771484,6.738443851470947
492.0,5.906341075897217,17.874576568603516
493.0,5.732138156890869,18.153038024902344
494.0,-7.241472244262695,5.761246681213379
495.0,1.8634988069534302,-9.416144371032715
496.0,3.0556485652923584,-9.689709663391113
497.0,-7.923013210296631,5.916783332824707
498.0,16.86423683166504,4.340923309326172
499.0,16.787832260131836,3.6648573875427246
500.0,16.64228057861328,4.507682800292969
501.0,2.2776834964752197,-9.033233642578125
502.0,16.254920959472656,3.384615182876587
503.0,2.7921946048736572,-9.522012710571289
504.0,-7.145883560180664,5.737760066986084
505.0,16.332841873168945,4.840983867645264
506.0,-7.583751201629639,6.5508270263671875
507.0,15.46031379699707,4.251866340637207
508.0,-6.899048805236816,5.720413684844971
509.0,2.272869348526001,-9.811071395874023
510.0,2.920409679412842,-9.390881538391113
511.0,-7.684017181396484,6.622620105743408
512.0,5.542909622192383,17.735937118530273
513.0,-7.178647041320801,5.858564853668213
514.0,15.677776336669922,3.651427984237671
515.0,-7.211180210113525,5.489298343658447
516.0,16.70742416381836,4.057449817657471
517.0,16.0628604888916,4.976562023162842
518.0,17.009990692138672,3.7996208667755127
519.0,16.667970657348633,4.339020729064941
520.0,2.0800094604492188,-9.94862174987793
521.0,15.373699188232422,4.228437900543213
522.0,2.0564589500427246,-9.420883178710938
523.0,2.9946916103363037,-9.45178508758545
524.0,15.3501615524292,3.7479588985443115
525.0,-6.9927978515625,6.362846851348877
526.0,15.448429107666016,3.9707252979278564
527.0,-7.468019008636475,5.969579219818115
528.0,5.333438396453857,17.62775993347168
529.0,5.491428852081299,18.1340274810791
530.0,5.641389846801758,17.666419982910156
531.0,15.783008575439453,4.613401412963867
532.0,15.506523132324219,3.539989948272705
533.0,-7.346312046051025,5.861823558807373
534.0,16.4502010345459,4.703712463378906
535.0,2.085481643676758,-9.371451377868652
536.0,-6.7601318359375,5.450672149658203
537.0,5.3693013191223145,17.8964786529541
538.0,-7.080521106719971,5.4943037033081055
539.0,5.710310459136963,17.920001983642578
540.0,2.3690900802612305,-9.098544120788574
541.0,2.9332056045532227,-9.366883277893066
542.0,2.698305606842041,-9.972084999084473
543.0,2.33320689201355,-9.650303840637207
544.0,16.817472457885742,4.135128021240234
545.0,16.304075241088867,4.90444278717041
546.0,6.059661865234375,17.76027488708496
547.0,5.727309226989746,17.496870040893555
548.0,-6.972389221191406,6.349247932434082
549.0,16.379579544067383,4.116328239440918
550.0,-7.10987663269043,5.5080952644348145
551.0,15.431085586547852,4.288690567016602
552.0,2.704817771911621,-9.908629417419434
553.0,-7.700085163116455,6.051149368286133
554.0,15.867019653320312,3.9309141635894775
555.0,-6.833241939544678,6.4854631423950195
556.0,-6.956656455993652,6.074416637420654
557.0,15.970145225524902,4.908064365386963
558.0,15.880309104919434,3.3808228969573975
559.0,-6.901313781738281,6.6257123947143555
560.0,15.745281219482422,3.4725115299224854
561.0,16.50577735900879,4.661266803741455
562.0,-7.407606601715088,6.3756608963012695
563.0,15.821779251098633,4.3082780838012695
564.0,-6.607258319854736,6.073256969451904
565.0,-7.733038425445557,5.572595596313477
566.0,15.783613204956055,4.209798812866211
567.0,16.027061462402344,5.0199503898620605
568.0,5.87104606628418,17.87169647216797
569.0,-7.598834991455078,5.435992240905762
570.0,2.4494259357452393,-9.079014778137207
571.0,-7.889307975769043,5.9538655281066895
572.0,-7.840717315673828,6.477658271789551
573.0,15.55085277557373,4.044759273529053
574.0,2.1663269996643066,-9.768464088439941
575.0,2.312080144882202,-9.55367660522461
576.0,-7.140446186065674,5.347824573516846
577.0,2.6738176345825195,-9.23157787322998
578.0,-7.2002153396606445,6.554008483886719
579.0,16.017070770263672,4.082840919494629
580.0,16.54605484008789,4.090365409851074
581.0,16.0455379486084,3.653785467147827
582.0,5.768504619598389,18.1568660736084
583.0,2.3983006477355957,-9.813254356384277
584.0,15.413423538208008,3.4395036697387695
585.0,-7.20696496963501,5.788753509521484
586.0,16.507797241210938,3.860121250152588
587.0,16.189083099365234,4.021919250488281
588.0,6.0355634689331055,17.814369201660156
589.0,15.880109786987305,3.2503459453582764
590.0,-7.397881984710693,6.4993720054626465
591.0,2.3677849769592285,-9.14896297454834
592.0,16.113731384277344,3.700862407684326
593.0,5.437736511230469,17.986616134643555
594.0,-7.3607330322265625,6.316249847412109
595.0,-7.497974395751953,6.6705241203308105
596.0,2.0523228645324707,-9.392147064208984
597.0,15.8961181640625,4.907755374908447
598.0,16.27021026611328,4.159379959106445
599.0,2.94368839263916,-9.860923767089844
600.0,5.942370414733887,17.834815979003906
601.0,2.8832647800445557,-9.142828941345215
602.0,-7.773519039154053,6.502625942230225
603.0,5.454526901245117,17.666622161865234
604.0,16.06379508972168,4.527683258056641
605.0,5.930034637451172,18.04251480102539
606.0,16.90308380126953,3.9933342933654785
607.0,-6.7907819747924805,5.8256425857543945
608.0,15.849331855773926,4.232212543487549
609.0,2.7049953937530518,-9.67711353302002
610.0,16.9567813873291,4.225468635559082
611.0,-7.665525436401367,5.317605972290039
612.0,2.763432025909424,-9.357577323913574
613.0,5.996523380279541,17.95197868347168
614.0,17.055814743041992,4.266122341156006
615.0,-7.925683498382568,6.045814037322998
616.0,5.416799545288086,17.718793869018555
617.0,16.538537979125977,3.697517156600952
618.0,5.453016757965088,17.842205047607422
619.0,5.693986415863037,17.611595153808594
620.0,5.648110866546631,18.128698348999023
621.0,16.752206802368164,4.566983699798584
622.0,15.588617324829102,3.9588000774383545
623.0,-7.541713714599609,5.4382734298706055
624.0,-7.092606067657471,6.714310169219971
625.0,16.25819206237793,4.224555015563965
626.0,-7.875854969024658,6.114053249359131
627.0,15.523504257202148,4.863090991973877
628.0,2.7768566608428955,-9.287090301513672
629.0,-7.773008346557617,5.495680332183838
630.0,16.65998649597168,4.649831295013428
631.0,15.803779602050781,3.5318853855133057
632.0,16.011980056762695,4.837702751159668
633.0,15.669978141784668,4.826908588409424
634.0,-7.260820388793945,6.2880635261535645
635.0,-7.620272159576416,5.948877811431885
636.0,2.504957914352417,-9.06667709350586
637.0,1.9831044673919678,-9.471914291381836
638.0,16.490280151367188,4.4540910720825195
639.0,2.313798427581787,-9.159313201904297
640.0,-6.954870700836182,5.330137252807617
641.0,-7.036956787109375,5.4108452796936035
642.0,16.09343910217285,4.626567840576172
643.0,15.724400520324707,4.626183032989502
644.0,-7.33863639831543,6.2025017738342285
645.0,16.51303482055664,3.7691454887390137
646.0,16.209850311279297,3.742051362991333
647.0,2.466245412826538,-9.094194412231445
648.0,2.2390754222869873,-9.23678207397461
649.0,2.602219820022583,-9.168307304382324
650.0,-7.577885627746582,5.9765625
651.0,15.856771469116211,4.084705352783203
652.0,-7.283193111419678,5.354995250701904
653.0,16.954212188720703,3.7769012451171875
654.0,-6.997121334075928,6.580071449279785
655.0,2.7580394744873047,-9.897988319396973
656.0,16.004253387451172,3.3990278244018555
657.0,-6.989803314208984,6.3335418701171875
658.0,15.99120807647705,4.831420421600342
659.0,2.8341012001037598,-9.173877716064453
660.0,15.386329650878906,3.831481456756592
661.0,16.854434967041016,4.203057765960693
662.0,15.446950912475586,4.100234031677246
663.0,16.16861915588379,3.8450992107391357
664.0,16.266822814941406,3.775629758834839
665.0,16.648231506347656,3.6919190883636475
666.0,16.100196838378906,4.996204853057861
667.0,2.3235721588134766,-9.801634788513184
668.0,15.498355865478516,4.177685260772705
669.0,16.10576629638672,4.310598850250244
670.0,16.227500915527344,3.9834086894989014
671.0,16.36888885498047,4.668389320373535
672.0,15.7300386428833,3.8655288219451904
673.0,15.546795845031738,3.602936267852783
674.0,15.514717102050781,4.606846332550049
675.0,16.11167335510254,3.6471784114837646
676.0,-7.873440742492676,6.200668811798096
677.0,15.704766273498535,3.8933424949645996
678.0,2.3879899978637695,-9.768997192382812
679.0,16.609411239624023,3.4810798168182373
680.0,2.0519556999206543,-9.430891990661621
681.0,-7.579663276672363,6.490830421447754
682.0,16.736528396606445,4.335425853729248
683.0,15.823758125305176,3.8130593299865723
684.0,5.635083198547363,17.846599578857422
685.0,2.3616654872894287,-10.162474632263184
686.0,-6.854554653167725,5.4170379638671875
687.0,-7.420494079589844,5.963611125946045
688.0,-7.713342189788818,6.248954772949219
689.0,-6.9814453125,5.923936367034912
690.0,16.434326171875,3.996054172515869
691.0,16.240385055541992,4.230664253234863
692.0,16.04247283935547,3.965228319168091
693.0,-7.144891738891602,5.626658916473389
694.0,2.0915942192077637,-9.76302433013916
695.0,5.5756049156188965,18.118162155151367
696.0,16.492782592773438,3.5446152687072754
697.0,-7.662724494934082,6.335838794708252
698.0,15.613426208496094,4.1271586418151855
699.0,2.938319444656372,-9.172064781188965
700.0,15.733888626098633,3.3625755310058594
701.0,16.669591903686523,3.6054201126098633
702.0,2.555859327316284,-9.847695350646973
703.0,16.664897918701172,4.390322685241699
704.0,16.401649475097656,4.055939674377441
705.0,-7.722482681274414,5.821761608123779
706.0,5.983315944671631,18.021909713745117
707.0,2.1880621910095215,-9.434106826782227
708.0,-7.800737380981445,6.2504191398620605
709.0,16.860652923583984,4.085337162017822
710.0,5.679582118988037,18.159292221069336
711.0,16.13748550415039,3.6525306701660156
712.0,15.820206642150879,3.2631611824035645
713.0,16.799457550048828,3.542646884918213
714.0,2.419088840484619,-9.124759674072266
715.0,2.545684576034546,-9.599777221679688
716.0,15.685738563537598,3.673921823501587
717.0,-6.562361717224121,6.136663436889648
718.0,16.8994140625,3.7608911991119385
719.0,2.603850841522217,-9.27470874786377
720.0,-7.394265651702881,5.347283363342285
721.0,-7.52987813949585,6.582099437713623
722.0,16.794998168945312,4.457331657409668
723.0,16.024444580078125,4.739471912384033
724.0,15.940566062927246,3.6418302059173584
725.0,2.3674569129943848,-9.537435531616211
726.0,15.958662986755371,4.388735771179199
727.0,-6.919593334197998,6.295729637145996
728.0,5.910799980163574,17.8555965423584
729.0,15.807251930236816,3.4620707035064697
730.0,16.152870178222656,4.7733612060546875
731.0,16.358081817626953,4.72887659072876
732.0,-7.7305474281311035,6.1184587478637695
733.0,2.3401505947113037,-10.158879280090332
734.0,16.5426025390625,3.771368980407715
735.0,16.336910247802734,4.418162822723389
736.0,15.747076034545898,3.7377281188964844
737.0,16.12919044494629,4.347238540649414
738.0,-7.217949867248535,6.671821594238281
739.0,16.371135711669922,4.064816951751709
740.0,16.239593505859375,4.270428657531738
741.0,-6.740006923675537,5.8665666580200195
742.0,15.700020790100098,4.053230285644531
743.0,15.735645294189453,4.788797378540039
744.0,2.854553461074829,-9.307010650634766
745.0,-7.05450963973999,6.563937664031982
746.0,-7.933798313140869,5.681200981140137
747.0,2.232266426086426,-9.347281455993652
748.0,16.646780014038086,4.623980522155762
749.0,-7.030596733093262,6.544946193695068
750.0,-7.626725673675537,5.753041744232178
751.0,2.5130112171173096,-9.563815116882324
752.0,16.745365142822266,3.8375980854034424
753.0,16.13187599182129,4.1965436935424805
754.0,16.380281448364258,4.180418968200684
755.0,2.0299460887908936,-9.747337341308594
756.0,-7.450169086456299,5.731871128082275
757.0,16.18413543701172,3.5584099292755127
758.0,-7.316153526306152,5.403314590454102
759.0,15.83368968963623,4.8062920570373535
760.0,15.934258460998535,3.533921480178833
761.0,16.057483673095703,3.704052686691284
762.0,2.3068935871124268,-9.795368194580078
763.0,5.277386665344238,17.69257926940918
764.0,16.373445510864258,3.6251277923583984
765.0,16.040010452270508,4.201244831085205
766.0,15.760855674743652,4.697628021240234
767.0,-7.551854133605957,5.453434944152832
768.0,5.405868053436279,17.866147994995117
769.0,16.77564239501953,3.759309768676758
770.0,-7.446842193603516,5.685723781585693
771.0,16.603515625,4.784724712371826
772.0,-7.094564914703369,6.118666648864746
773.0,-7.736688613891602,6.172257900238037
774.0,15.874820709228516,3.9646356105804443
775.0,16.359071731567383,3.5172224044799805
776.0,5.791367530822754,17.635488510131836
777.0,2.233743906021118,-9.485584259033203
778.0,15.855178833007812,4.437527656555176
779.0,5.742401123046875,17.79448127746582
780.0,2.7956960201263428,-9.76247501373291
781.0,-6.707740306854248,6.305205345153809
782.0,5.899719715118408,17.969181060791016
783.0,2.980837106704712,-9.449301719665527
784.0,2.7267401218414307,-9.007035255432129
785.0,5.543846607208252,17.50000762939453
786.0,-6.682043552398682,6.253317356109619
787.0,2.9033854007720947,-9.17768669128418
788.0,2.6557235717773438,-10.061397552490234
789.0,-7.142153739929199,5.536384105682373
790.0,5.599022388458252,18.12082290649414
791.0,5.952556133270264,17.620162963867188
792.0,15.295433044433594,4.10896635055542
793.0,2.276292324066162,-9.48166275024414
794.0,-7.586092948913574,6.461389541625977
795.0,15.75310230255127,3.5939781665802
796.0,-7.942514419555664,6.271321773529053
797.0,2.6778676509857178,-8.992772102355957
798.0,16.170686721801758,4.228391170501709
799.0,-8.036185264587402,5.850883483886719
800.0,16.272235870361328,3.481198310852051
801.0,16.879581451416016,3.6355104446411133
802.0,5.868935585021973,17.740772247314453
803.0,-7.886754035949707,6.162506103515625
804.0,2.7054531574249268,-9.54891300201416
805.0,16.512683868408203,3.6142635345458984
806.0,16.294696807861328,4.850714206695557
807.0,-6.7950263023376465,6.001983642578125
808.0,-7.619980812072754,5.608360290527344
809.0,5.661866664886475,17.90733528137207
810.0,-7.631868839263916,6.5928239822387695
811.0,-6.665875434875488,6.3069281578063965
812.0,16.062110900878906,4.342762470245361
813.0,16.69113540649414,4.124938011169434
814.0,2.4383318424224854,-9.75684928894043
815.0,-7.186225414276123,6.555782318115234
816.0,2.6379315853118896,-10.143798828125
817.0,2.3714611530303955,-9.290369987487793
818.0,-7.731295585632324,6.009047031402588
819.0,15.813555717468262,4.413369655609131
820.0,15.49130916595459,4.589512825012207
821.0,16.23682975769043,4.162504196166992
822.0,-7.630635738372803,5.79848051071167
823.0,16.57836151123047,3.704514265060425
824.0,5.79561710357666,17.60001564025879
825.0,5.889062404632568,17.721181869506836
826.0,-7.756990432739258,6.220553874969482
827.0,-6.727885723114014,6.304648399353027
828.0,16.39664077758789,4.387473106384277
829.0,2.4507272243499756,-9.419838905334473
830.0,2.835146903991699,-9.465506553649902
831.0,15.67806625366211,3.4774842262268066
832.0,-7.325272560119629,5.673034191131592
833.0,16.128623962402344,4.947586536407471
834.0,-7.7409586906433105,6.5651350021362305
835.0,5.700264930725098,17.48789405822754
836.0,5.658659934997559,17.672773361206055
837.0,16.950681686401367,4.115495204925537
838.0,16.756208419799805,4.3241376876831055
839.0,2.1254806518554688,-9.228147506713867
840.0,-7.084449768066406,5.716085910797119
841.0,2.585498809814453,-9.648040771484375
842.0,5.567439079284668,17.96504783630371
843.0,16.469438552856445,3.4163315296173096
844.0,15.631628036499023,4.243833541870117
845.0,2.5081493854522705,-9.11013412475586
846.0,2.6652400493621826,-9.81619644165039
847.0,-6.749256134033203,5.425848484039307
848.0,-6.984215259552002,6.314815044403076
849.0,15.745999336242676,4.101497650146484
850.0,16.518856048583984,3.6505916118621826
851.0,16.165544509887695,4.619740009307861
852.0,15.263607025146484,3.938424825668335
853.0,-7.473702430725098,6.160572052001953
854.0,15.767258644104004,3.878119707107544
855.0,5.604263782501221,17.82286262512207
856.0,-7.541355609893799,6.5285325050354
857.0,2.6612436771392822,-10.038201332092285
858.0,15.729962348937988,4.554210662841797
859.0,2.2159457206726074,-9.847796440124512
860.0,-7.068832874298096,5.793911457061768
861.0,2.381972074508667,-9.635458946228027
862.0,-7.060730934143066,5.383520603179932
863.0,2.619328737258911,-10.181231498718262
864.0,-7.4825520515441895,6.159540176391602
865.0,2.2627813816070557,-9.422791481018066
866.0,16.238208770751953,4.389354228973389
867.0,-7.318825721740723,6.635970592498779
868.0,2.1344449520111084,-9.938531875610352
869.0,-7.446897029876709,6.475990295410156
870.0,-7.1540303230285645,5.966022491455078
871.0,5.703564643859863,17.855426788330078
872.0,-7.265520095825195,6.415319442749023
873.0,16.184341430664062,4.2008233070373535
874.0,-7.379575729370117,6.646556377410889
875.0,2.505547285079956,-9.625009536743164
876.0,-7.7701616287231445,5.599733352661133
877.0,-6.891424179077148,5.679811954498291
878.0,16.728513717651367,3.8557286262512207
879.0,5.524785995483398,17.67068099975586
880.0,15.320870399475098,3.5996625423431396
881.0,-6.842162132263184,5.713975429534912
882.0,16.201581954956055,4.207920551300049
883.0,-7.769323825836182,5.582468032836914
884.0,-7.270700931549072,6.60477352142334
885.0,-7.768128395080566,5.872066974639893
886.0,5.910348892211914,17.99447250366211
887.0,15.37758731842041,3.948425531387329
888.0,16.941247940063477,4.426266193389893
889.0,-7.321235656738281,6.134110927581787
890.0,2.442197799682617,-9.954794883728027
891.0,2.053382396697998,-9.650042533874512
892.0,-7.087456703186035,6.607607364654541
893.0,15.946094512939453,3.1152610778808594
894.0,15.594852447509766,3.5543580055236816
895.0,2.6048121452331543,-10.14416217803955
896.0,2.3347530364990234,-10.122533798217773
897.0,2.0998334884643555,-9.569846153259277
898.0,16.104576110839844,3.5589511394500732
899.0,-7.734376907348633,5.3077497482299805
900.0,2.9488418102264404,-9.45789909362793
901.0,15.947169303894043,3.360456705093384
902.0,16.44208335876465,3.9270896911621094
903.0,2.769134044647217,-9.560816764831543
904.0,2.7567172050476074,-9.918891906738281
905.0,15.611852645874023,3.891908645629883
906.0,5.803140163421631,17.768688201904297
907.0,16.596824645996094,4.718533992767334
908.0,16.281150817871094,3.9873294830322266
909.0,-6.797389984130859,6.418694019317627
910.0,-7.250360012054443,5.838308334350586
911.0,5.6765031814575195,18.021329879760742
912.0,2.434816598892212,-9.750164985656738
913.0,-7.312621116638184,6.367753505706787
914.0,5.428422927856445,17.937755584716797
915.0,2.3505282402038574,-8.99968147277832
916.0,2.956242322921753,-9.818888664245605
917.0,16.394559860229492,3.71504807472229
918.0,15.886618614196777,3.477187395095825
919.0,16.661806106567383,3.8390791416168213
920.0,-7.698591709136963,5.71211051940918
921.0,1.9383920431137085,-9.563399314880371
922.0,15.725613594055176,4.372653961181641
923.0,15.727532386779785,3.770301342010498
924.0,2.147460460662842,-9.204036712646484
925.0,2.714355230331421,-9.757476806640625
926.0,-7.254591941833496,5.571314334869385
927.0,-7.776559352874756,6.373688220977783
928.0,16.725955963134766,3.871628761291504
929.0,2.460664749145508,-10.074441909790039
930.0,-7.68134880065918,6.389987945556641
931.0,5.736306190490723,17.52621078491211
932.0,16.266523361206055,3.5551154613494873
933.0,-7.635349750518799,6.516419410705566
934.0,2.5678532123565674,-9.131021499633789
935.0,-7.6157121658325195,5.761549949645996
936.0,16.45880889892578,3.6929197311401367
937.0,15.877728462219238,3.638486623764038
938.0,-8.05388069152832,6.230203151702881
939.0,-7.3632025718688965,5.9278035163879395
940.0,16.010244369506836,3.7906205654144287
941.0,15.86996841430664,4.150803089141846
942.0,-7.339763641357422,5.931368827819824
943.0,-7.639081001281738,6.573739528656006
944.0,2.322784662246704,-9.76168441772461
945.0,15.609782218933105,3.435746669769287
946.0,2.407792091369629,-8.996037483215332
947.0,2.8037877082824707,-9.542559623718262
948.0,6.011796474456787,18.0742130279541
949.0,-7.33331823348999,6.647891044616699
950.0,16.909990310668945,4.297169208526611
951.0,15.523857116699219,3.5792880058288574
952.0,16.363353729248047,4.905847072601318
953.0,-7.391049861907959,6.597509860992432
954.0,16.27752113342285,4.110722541809082
955.0,15.51358699798584,4.573611259460449
956.0,2.5020816326141357,-9.12278938293457
957.0,15.631179809570312,3.5537021160125732
958.0,-6.772068500518799,5.776941299438477
959.0,15.853978157043457,4.615273952484131
960.0,16.211477279663086,4.459080696105957
961.0,16.901458740234375,3.8752853870391846
962.0,16.017589569091797,3.6310877799987793
963.0,2.2481799125671387,-9.517129898071289
964.0,2.1388156414031982,-9.332592010498047
965.0,16.06396484375,4.273850440979004
966.0,2.655712604522705,-9.38813591003418
967.0,2.971930980682373,-9.317381858825684
968.0,15.649621963500977,3.674443006515503
969.0,-7.337558269500732,5.84860372543335
970.0,2.34299373626709,-9.927507400512695
971.0,15.89792537689209,4.2216057777404785
972.0,-7.2935380935668945,6.511054992675781
973.0,-7.2937774658203125,5.656350612640381
974.0,15.985260963439941,4.342470645904541
975.0,-7.36773157119751,6.393805980682373
976.0,16.718469619750977,3.6337554454803467
977.0,15.338979721069336,4.363485336303711
978.0,2.6207728385925293,-8.992477416992188
979.0,5.667741775512695,17.51222801208496
980.0,16.48621940612793,4.801271438598633
981.0,16.79764747619629,4.22540283203125
982.0,16.880687713623047,4.141585350036621
983.0,15.470613479614258,4.263676643371582
984.0,-7.724262714385986,5.366885662078857
985.0,16.17324447631836,3.6644234657287598
986.0,-7.088646411895752,5.4000091552734375
987.0,16.071941375732422,3.521515369415283
988.0,2.859278678894043,-9.932083129882812
989.0,-7.141859531402588,6.5288286209106445
990.0,2.1126201152801514,-9.950270652770996
991.0,5.899043083190918,18.03696060180664
992.0,-7.4525651931762695,6.155911445617676
993.0,2.138932466506958,-9.199918746948242
994.0,15.2539701461792,3.721745014190674
995.0,-6.519930839538574,6.10291862487793
996.0,15.716259002685547,4.268648624420166
997.0,-7.221526622772217,6.256486415863037
998.0,2.6930317878723145,-9.83263874053955
999.0,2.4642462730407715,-9.51253890991211
1000.0,15.61089038848877,4.017985820770264
1001.0,15.578876495361328,4.658703327178955
1002.0,-6.749666213989258,6.356810092926025
1003.0,16.571645736694336,3.8509902954101562
1004.0,16.443824768066406,4.845640182495117
1005.0,15.750748634338379,4.163075923919678
1006.0,16.204181671142578,4.402161598205566
1007.0,-7.181794166564941,6.17719841003418
1008.0,2.6079111099243164,-9.458301544189453
1009.0,5.616689682006836,18.01698875427246
1010.0,5.557454586029053,18.08702850341797
1011.0,15.42003059387207,3.9958252906799316
1012.0,2.4624099731445312,-10.150177955627441
1013.0,-7.360957145690918,6.306666374206543
1014.0,2.5191457271575928,-9.282270431518555
1015.0,-6.869719982147217,6.096726417541504
1016.0,-7.499475002288818,5.628662586212158
1017.0,-7.512567043304443,5.99938440322876
1018.0,-7.009184837341309,5.6909918785095215
1019.0,16.17119026184082,4.765173435211182
1020.0,15.864651679992676,3.2154293060302734
1021.0,-6.932811737060547,6.02245569229126
1022.0,5.665736198425293,17.521020889282227
1023.0,15.346656799316406,4.123929500579834
1024.0,-7.553188800811768,5.9606547355651855
1025.0,-7.572274208068848,5.560263633728027
1026.0,5.560306072235107,17.673147201538086
1027.0,16.46514129638672,4.503849983215332
1028.0,2.155947208404541,-9.939413070678711
1029.0,5.692459583282471,17.76121711730957
1030.0,2.0883302688598633,-9.32365894317627
1031.0,15.764426231384277,4.736527919769287
1032.0,15.607641220092773,4.529815673828125
1033.0,16.378515243530273,4.35982608795166
1034.0,16.429353713989258,4.675424575805664
1035.0,-6.604328632354736,5.739102363586426
1036.0,16.052078247070312,4.419863700866699
1037.0,16.343595504760742,4.954814910888672
1038.0,16.356861114501953,4.540744781494141
1039.0,-6.695401191711426,6.174532413482666
1040.0,2.646348714828491,-9.09174919128418
1041.0,2.610250234603882,-10.00635051727295
1042.0,16.515949249267578,3.761895179748535
1043.0,2.4921469688415527,-9.585221290588379
1044.0,16.474714279174805,4.108997344970703
1045.0,-7.550161361694336,5.951013565063477
1046.0,2.6264896392822266,-9.653122901916504
1047.0,15.439396858215332,3.9369332790374756
1048.0,16.712913513183594,4.118240833282471
1049.0,5.639440536499023,17.87114143371582
1050.0,5.608250141143799,17.741958618164062
1051.0,-6.795928478240967,5.990539073944092
1052.0,16.80072784423828,4.133880138397217
1053.0,2.408540964126587,-9.274857521057129
1054.0,2.586392641067505,-9.677401542663574
1055.0,16.137815475463867,4.0257391929626465
1056.0,5.668658256530762,17.790435791015625
1057.0,2.548649549484253,-9.655887603759766
1058.0,-7.751638412475586,6.196986198425293
1059.0,15.868005752563477,4.575175762176514
1060.0,-7.012263298034668,5.696654796600342
1061.0,2.833481550216675,-9.28343677520752
1062.0,2.4126992225646973,-10.166299819946289
1063.0,16.343297958374023,4.143309116363525
1064.0,16.049152374267578,4.787907600402832
1065.0,-7.795986652374268,5.914140224456787
1066.0,-7.417757511138916,6.031444072723389
1067.0,16.77289390563965,4.522885799407959
1068.0,16.284936904907227,4.0541229248046875
1069.0,16.896015167236328,4.560751438140869
1070.0,5.6166582107543945,17.584503173828125
1071.0,2.4468495845794678,-9.246824264526367
1072.0,2.3875732421875,-9.4436674118042
1073.0,16.12700843811035,4.296787738800049
1074.0,-7.025080680847168,5.73314094543457
1075.0,16.383708953857422,3.7824594974517822
1076.0,16.029796600341797,4.531177997589111
1077.0,5.332321643829346,17.6785888671875
1078.0,5.660531044006348,17.951414108276367
1079.0,15.532814025878906,3.561586856842041
1080.0,16.00122833251953,4.223898410797119
1081.0,5.459224700927734,17.94993782043457
1082.0,16.805377960205078,4.35422945022583
1083.0,-7.24641752243042,6.317225933074951
1084.0,16.243732452392578,4.870755672454834
1085.0,-6.914697647094727,5.404118537902832
1086.0,-7.342422008514404,5.782745838165283
1087.0,5.370762348175049,17.69904327392578
1088.0,5.67978048324585,17.847780227661133
1089.0,2.331413507461548,-9.913037300109863
1090.0,15.874650955200195,4.729055404663086
1091.0,1.9852125644683838,-9.635336875915527
1092.0,-7.360589027404785,6.537683010101318
1093.0,16.484506607055664,4.064701557159424
1094.0,2.748713970184326,-10.0250825881958
1095.0,2.6596474647521973,-9.707718849182129
1096.0,-7.332433700561523,5.349362373352051
1097.0,-7.7880167961120605,6.15289831161499
1098.0,5.410617351531982,17.689992904663086
1099.0,2.589423418045044,-9.512677192687988
1100.0,15.744004249572754,4.465254783630371
1101.0,-7.096217155456543,5.821269512176514
1102.0,2.6240248680114746,-9.561491012573242
1103.0,15.490345001220703,4.541088581085205
1104.0,2.4140708446502686,-9.8549165725708
1105.0,2.121845006942749,-9.383883476257324
1106.0,16.665678024291992,3.653346300125122
1107.0,5.678169250488281,17.884078979492188
1108.0,16.8776912689209,3.8013148307800293
1109.0,15.373330116271973,3.8650970458984375
1110.0,16.35654640197754,4.29649019241333
1111.0,15.795351028442383,3.34894061088562
1112.0,-7.369327068328857,5.378628253936768
1113.0,5.87356424331665,17.863418579101562
1114.0,2.57381010055542,-9.200119972229004
1115.0,15.816201210021973,4.122904300689697
1116.0,5.768802642822266,17.701786041259766
1117.0,-6.67306661605835,5.817529201507568
1118.0,5.597485065460205,17.955568313598633
1119.0,-6.802784442901611,6.082021713256836
1120.0,-7.125280857086182,5.999461650848389
1121.0,-6.636712551116943,5.935702800750732
1122.0,-7.246341228485107,6.187227725982666
1123.0,-7.093691349029541,5.834710597991943
1124.0,16.038999557495117,3.5028791427612305
1125.0,16.86615562438965,3.8065731525421143
1126.0,16.16931915283203,3.478057861328125
1127.0,5.83637809753418,17.65756607055664
1128.0,2.2247214317321777,-10.004849433898926
1129.0,15.328893661499023,4.226804256439209
1130.0,5.509026050567627,18.08945083618164
1131.0,2.329683780670166,-9.665392875671387
1132.0,15.836390495300293,3.738555669784546
1133.0,2.1911780834198,-9.421493530273438
1134.0,2.930182695388794,-9.589309692382812
1135.0,-7.833123683929443,6.435805320739746
1136.0,15.769489288330078,4.76437520980835
1137.0,15.955114364624023,4.580124378204346
1138.0,-6.87007999420166,5.930990219116211
1139.0,2.1953935623168945,-9.112932205200195
1140.0,2.152923345565796,-9.791513442993164
1141.0,16.668371200561523,4.28507137298584
1142.0,-6.830446720123291,5.878277778625488
1143.0,-7.876711845397949,5.90067195892334
1144.0,-7.246643543243408,5.466942310333252
1145.0,16.757667541503906,3.889259099960327
1146.0,15.651590347290039,4.132665157318115
1147.0,2.497019052505493,-9.482368469238281
1148.0,16.542856216430664,3.7002429962158203
1149.0,-6.945781707763672,6.279972076416016
1150.0,2.7500815391540527,-9.219459533691406
1151.0,15.291618347167969,3.9061920642852783
1152.0,2.58048939704895,-9.933152198791504
1153.0,-7.695379734039307,6.365113258361816
1154.0,16.352083206176758,4.328469753265381
1155.0,15.855978965759277,4.320820331573486
1156.0,16.651247024536133,3.9037413597106934
1157.0,2.083868980407715,-9.787880897521973
1158.0,2.3055148124694824,-9.469778060913086
1159.0,2.4507884979248047,-9.785268783569336
1160.0,2.543142557144165,-10.025154113769531
1161.0,-6.993743419647217,5.685737133026123
1162.0,-7.681107044219971,5.979972839355469
1163.0,-6.928943157196045,5.703956604003906
1164.0,-7.22011661529541,6.03865385055542
1165.0,-6.819849014282227,6.481595516204834
1166.0,16.462709426879883,3.7364442348480225
1167.0,15.414288520812988,3.9001307487487793
1168.0,15.558902740478516,4.485159397125244
1169.0,16.767744064331055,3.5395076274871826
1170.0,-7.68689489364624,5.5445356369018555
1171.0,15.863713264465332,4.845904350280762
1172.0,5.737568378448486,17.834877014160156
1173.0,-6.9064717292785645,5.39052152633667
1174.0,-6.93851900100708,5.530070781707764
1175.0,2.3079757690429688,-9.107545852661133
1176.0,-7.989315509796143,6.136563777923584
1177.0,5.729218482971191,17.546382904052734
1178.0,15.771557807922363,3.824004650115967
1179.0,-6.968524932861328,5.49688196182251
1180.0,2.35646915435791,-9.314471244812012
1181.0,5.657924652099609,17.989639282226562
1182.0,-7.729876518249512,5.830987930297852
1183.0,16.162765502929688,3.813948392868042
1184.0,-7.919341087341309,5.79443883895874
1185.0,2.2093329429626465,-9.417182922363281
1186.0,2.8148510456085205,-9.461838722229004
1187.0,2.519862413406372,-9.847829818725586
1188.0,-7.314533233642578,6.207392692565918
1189.0,2.6157076358795166,-9.705545425415039
1190.0,2.5892601013183594,-9.325613021850586
1191.0,-7.520078182220459,5.381040573120117
1192.0,2.840538263320923,-9.671608924865723
1193.0,-6.767627716064453,6.296810626983643
1194.0,2.086967706680298,-9.391780853271484
1195.0,2.7670018672943115,-9.874032020568848
1196.0,2.4747769832611084,-9.463434219360352
1197.0,2.043485164642334,-9.342193603515625
1198.0,15.851380348205566,3.836801052093506
1199.0,5.470496654510498,17.643932342529297
1200.0,2.8934147357940674,-9.568449020385742
1201.0,15.86943244934082,4.007291793823242
1202.0,16.761001586914062,4.6386494636535645
1203.0,16.03108787536621,4.994072914123535
1204.0,15.351452827453613,3.8763427734375
1205.0,-7.139438152313232,5.443607330322266
1206.0,-6.7060136795043945,6.2943925857543945
1207.0,5.4017653465271,17.66058349609375
1208.0,-6.951338768005371,6.601142406463623
1209.0,16.4605770111084,4.622713565826416
1210.0,1.9906352758407593,-9.542115211486816
1211.0,5.8735175132751465,17.609039306640625
1212.0,-7.677185535430908,6.185937404632568
1213.0,16.00026512145996,3.537008047103882
1214.0,-7.493930339813232,6.426321029663086
1215.0,-7.417654991149902,6.050826072692871
1216.0,2.385319709777832,-9.455772399902344
1217.0,-7.354405403137207,6.779199123382568
1218.0,16.240476608276367,3.3621654510498047
1219.0,5.743369102478027,18.056772232055664
1220.0,5.720226764678955,18.092912673950195
1221.0,15.525982856750488,3.9880688190460205
1222.0,16.568775177001953,4.6455888748168945
1223.0,-6.989406585693359,5.531524181365967
1224.0,16.392662048339844,3.5306129455566406
1225.0,15.532130241394043,3.7360501289367676
1226.0,2.758699893951416,-9.341828346252441
1227.0,15.871214866638184,3.831282615661621
1228.0,15.646978378295898,4.718308925628662
1229.0,15.86863899230957,3.402888774871826
1230.0,2.8036141395568848,-9.731632232666016
1231.0,-6.8647027015686035,6.062562465667725
1232.0,-6.948148250579834,5.525956153869629
1233.0,16.431230545043945,4.082880973815918
1234.0,-7.202010154724121,6.3274688720703125
1235.0,-7.825723171234131,6.079128265380859
1236.0,2.0557332038879395,-9.28653335571289
1237.0,16.32172966003418,4.25545597076416
1238.0,-6.683440208435059,5.954769134521484
1239.0,16.906450271606445,4.319941520690918
1240.0,-6.828340530395508,6.500136852264404
1241.0,-7.259937763214111,6.473426342010498
1242.0,15.979009628295898,3.7806525230407715
1243.0,-6.859936237335205,5.575108051300049
1244.0,5.882022857666016,18.18422508239746
1245.0,-7.414719104766846,6.387876033782959
1246.0,-7.00040864944458,5.687716484069824
1247.0,-7.259891510009766,5.881383419036865
1248.0,-7.583775520324707,5.5779032707214355
1249.0,15.353153228759766,3.7935774326324463
1250.0,2.315446376800537,-9.268597602844238
1251.0,2.633535623550415,-9.547359466552734
1252.0,5.8687744140625,17.991409301757812
1253.0,16.45401382446289,4.81693172454834
1254.0,-7.603512763977051,6.4588704109191895
1255.0,-7.530036449432373,6.277138710021973
1256.0,2.310316801071167,-9.66729736328125
1257.0,-7.147537708282471,5.562334060668945
1258.0,5.590581893920898,17.936004638671875
1259.0,16.333782196044922,4.1003031730651855
1260.0,-7.790064334869385,5.848195552825928
1261.0,16.263059616088867,4.772623062133789
1262.0,5.701533794403076,17.654558181762695
1263.0,16.279983520507812,3.7827444076538086
1264.0,-7.257940769195557,6.3613786697387695
1265.0,15.909162521362305,4.064356803894043
1266.0,-6.6593146324157715,5.953739643096924
1267.0,2.172006607055664,-9.371156692504883
1268.0,16.511930465698242,3.9741568565368652
1269.0,2.1218626499176025,-9.421462059020996
1270.0,2.7579524517059326,-9.531838417053223
1271.0,16.548324584960938,4.3915696144104
1272.0,15.905924797058105,3.5668835639953613
1273.0,2.6282436847686768,-9.325713157653809
1274.0,16.280059814453125,4.25018310546875
1275.0,5.770939350128174,18.24932289123535
1276.0,-7.688479900360107,6.4646501541137695
1277.0,-7.904294490814209,5.921110153198242
1278.0,15.7218599319458,4.158124923706055
1279.0,15.655525207519531,4.33164644241333
1280.0,2.6805760860443115,-9.245582580566406
1281.0,16.08527183532715,3.9675724506378174
1282.0,-7.418982982635498,5.768655300140381
1283.0,-7.62602424621582,6.168830394744873
1284.0,2.8423571586608887,-9.966618537902832
1285.0,16.22100830078125,3.83270001411438
1286.0,2.785203456878662,-9.31301212310791
1287.0,5.64784049987793,17.543367385864258
1288.0,5.354984283447266,17.741872787475586
1289.0,16.96307945251465,4.096738815307617
1290.0,-6.6770219802856445,5.701524257659912
1291.0,-7.295555591583252,5.959972381591797
1292.0,-6.553468227386475,5.863410949707031
1293.0,16.74965476989746,4.5242228507995605
1294.0,2.7261321544647217,-9.604010581970215
1295.0,16.179916381835938,4.200070858001709
1296.0,2.521806001663208,-9.810460090637207
1297.0,2.4479050636291504,-9.214879989624023
1298.0,15.905632019042969,4.551573753356934
1299.0,15.846041679382324,4.380018711090088
1300.0,-7.007984161376953,6.53748083114624
1301.0,-6.948807716369629,5.902770519256592
1302.0,16.752389907836914,3.994821548461914
1303.0,16.22658348083496,4.8872785568237305
1304.0,16.469161987304688,3.76249623298645
1305.0,2.5118937492370605,-9.444520950317383
1306.0,-7.711149215698242,6.042759418487549
1307.0,16.146495819091797,4.364120006561279
1308.0,16.00810432434082,4.513573169708252
1309.0,2.7466607093811035,-9.763075828552246
1310.0,2.596752643585205,-9.901996612548828
1311.0,-7.170037746429443,5.910613536834717
1312.0,5.764545440673828,17.613727569580078
1313.0,5.50939416885376,17.71525001525879
1314.0,2.730994939804077,-9.360145568847656
1315.0,15.7084321975708,3.6802444458007812
1316.0,2.310389280319214,-9.849374771118164
1317.0,-7.7035932540893555,5.457319259643555
1318.0,-7.932014465332031,6.424170970916748
1319.0,15.851880073547363,4.3748602867126465
1320.0,-7.310055255889893,5.550355434417725
1321.0,15.825371742248535,4.631736755371094
1322.0,-7.200382232666016,6.5661540031433105
1323.0,-7.366361618041992,5.637010097503662
1324.0,16.34990882873535,3.7020132541656494
1325.0,16.485017776489258,3.684068441390991
1326.0,5.451719760894775,17.944744110107422
1327.0,5.569775581359863,17.97185707092285
1328.0,16.21417236328125,4.532966613769531
1329.0,16.006559371948242,4.215409755706787
1330.0,15.814830780029297,4.087285995483398
1331.0,5.799537181854248,17.90886688232422
1332.0,15.518526077270508,4.131760120391846
1333.0,5.8608198165893555,17.672574996948242
1334.0,-7.153588771820068,6.227013111114502
1335.0,15.975679397583008,4.4689202308654785
1336.0,-6.959249973297119,5.972561359405518
1337.0,16.48053550720215,3.971996307373047
1338.0,2.508368968963623,-9.356379508972168
1339.0,2.2644755840301514,-10.024812698364258
1340.0,2.0770020484924316,-9.5003080368042
1341.0,15.48282527923584,3.5784497261047363
1342.0,15.770354270935059,4.435576438903809
1343.0,16.59606170654297,3.640897274017334
1344.0,16.43474006652832,3.4690327644348145
1345.0,2.6838672161102295,-9.39704418182373
1346.0,16.204803466796875,4.198068618774414
1347.0,-7.238358974456787,6.305023670196533
1348.0,2.2167932987213135,-10.03392219543457
1349.0,15.683611869812012,3.7127511501312256
1350.0,15.826515197753906,4.051233768463135
1351.0,15.523829460144043,4.540772914886475
1352.0,16.364215850830078,3.931753158569336
1353.0,16.276153564453125,3.6202430725097656
1354.0,5.659718990325928,17.643123626708984
1355.0,2.4168081283569336,-9.558124542236328
1356.0,2.140026092529297,-9.812141418457031
1357.0,-6.9968695640563965,5.461231708526611
1358.0,15.9743013381958,4.167590618133545
1359.0,-6.686264991760254,6.087285995483398
1360.0,-7.645058631896973,5.6942057609558105
1361.0,-7.709452152252197,6.057399272918701
1362.0,16.378345489501953,4.591894149780273
1363.0,5.685712814331055,17.612504959106445
1364.0,5.7004194259643555,17.852083206176758
1365.0,-7.536437511444092,5.958991527557373
1366.0,2.7115767002105713,-9.995708465576172
1367.0,15.466121673583984,4.179101467132568
1368.0,-7.26790189743042,6.464097023010254
1369.0,2.5724081993103027,-9.914820671081543
1370.0,15.988301277160645,4.818822383880615
1371.0,5.889527797698975,18.02153778076172
1372.0,-7.174485683441162,6.493729591369629
1373.0,2.179764747619629,-9.97315502166748
1374.0,-7.455202579498291,5.466570854187012
1375.0,2.4952712059020996,-9.18499755859375
1376.0,2.1908504962921143,-9.687531471252441
1377.0,2.2796032428741455,-10.027545928955078
1378.0,16.06325912475586,4.0754899978637695
1379.0,-6.9277238845825195,5.563076496124268
1380.0,-7.657764434814453,5.777413368225098
1381.0,-7.2053542137146,5.775825023651123
1382.0,2.06723952293396,-9.353598594665527
1383.0,6.0082807540893555,18.106163024902344
1384.0,5.990041732788086,18.026203155517578
1385.0,15.361928939819336,4.552842140197754
1386.0,15.636280059814453,3.8201327323913574
1387.0,16.182376861572266,3.7443015575408936
1388.0,-7.3285017013549805,5.480205535888672
1389.0,15.744575500488281,4.782647609710693
1390.0,2.815410852432251,-9.096565246582031
1391.0,15.478532791137695,4.226840972900391
1392.0,5.57757043838501,17.767921447753906
1393.0,16.38392448425293,4.437537670135498
1394.0,15.520780563354492,4.293792247772217
1395.0,-6.868755340576172,6.106226921081543
1396.0,15.326234817504883,4.431158065795898
1397.0,-6.770572185516357,5.972617149353027
1398.0,15.638440132141113,4.177736282348633
1399.0,-7.564150810241699,6.212767124176025
1400.0,-7.366727828979492,5.7101850509643555
1401.0,2.188955307006836,-9.501581192016602
1402.0,16.022705078125,3.3741657733917236
1403.0,5.581380844116211,18.074613571166992
1404.0,16.036985397338867,4.128579616546631
1405.0,16.498685836791992,4.590959548950195
1406.0,-7.373985767364502,5.911745548248291
1407.0,15.846997261047363,3.663691997528076
1408.0,2.7491800785064697,-9.83592700958252
1409.0,-7.105752944946289,6.703658103942871
1410.0,-7.272266864776611,5.435203552246094
1411.0,-7.811990261077881,6.232644081115723
1412.0,-7.539826393127441,5.516941547393799
1413.0,2.3032164573669434,-9.537958145141602
1414.0,2.8452999591827393,-9.798686981201172
1415.0,2.472472667694092,-9.749893188476562
1416.0,16.511119842529297,3.5438530445098877
1417.0,-7.2937541007995605,5.781983375549316
1418.0,15.933780670166016,3.8369557857513428
1419.0,-7.828250408172607,6.2964277267456055
1420.0,2.8541507720947266,-9.403388023376465
1421.0,1.8948521614074707,-9.46243667602539
1422.0,-6.625786781311035,6.270147800445557
1423.0,-7.608596324920654,5.917970180511475
1424.0,16.75481414794922,4.060049057006836
1425.0,2.9746928215026855,-9.70073413848877
1426.0,2.1608052253723145,-9.62861156463623
1427.0,16.38595199584961,4.007295608520508
1428.0,16.37031364440918,3.559669017791748
1429.0,-7.934613227844238,5.998533248901367
1430.0,2.1929948329925537,-9.900535583496094
1431.0,16.362140655517578,4.006560325622559
1432.0,-7.670997619628906,6.514947891235352
1433.0,2.4928207397460938,-9.94803524017334
1434.0,2.5414016246795654,-9.356616973876953
1435.0,2.7906103134155273,-9.231948852539062
1436.0,16.43484115600586,3.702528476715088
1437.0,-7.278895854949951,5.8807148933410645
1438.0,-7.359245300292969,6.027112007141113
1439.0,-7.298495292663574,6.1254754066467285
1440.0,2.250778913497925,-9.230238914489746
1441.0,5.715431213378906,17.708999633789062
1442.0,16.8291015625,3.8679730892181396
1443.0,5.568572521209717,18.058218002319336
1444.0,-7.019532680511475,5.646811485290527
1445.0,2.6358838081359863,-9.412612915039062
1446.0,16.05450439453125,3.915586471557617
1447.0,-7.485066890716553,5.944764614105225
1448.0,-7.636112213134766,6.147085189819336
1449.0,5.541091442108154,17.935707092285156
1450.0,15.96846866607666,3.791386127471924
1451.0,2.4600069522857666,-9.116084098815918
1452.0,16.119094848632812,4.396088123321533
1453.0,2.562546730041504,-9.131158828735352
1454.0,-7.163859844207764,5.3862433433532715
1455.0,5.498642921447754,17.701597213745117
1456.0,2.3200409412384033,-9.797725677490234
1457.0,15.469048500061035,4.114774703979492
1458.0,16.463380813598633,4.37257194519043
1459.0,-7.591639995574951,5.841851234436035
1460.0,16.00360107421875,4.711074352264404
1461.0,15.8213529586792,3.637587547302246
1462.0,15.860147476196289,4.797030925750732
1463.0,-6.790174961090088,6.050604820251465
1464.0,15.38292121887207,3.9707720279693604
1465.0,15.49709701538086,4.105098247528076
1466.0,16.592283248901367,3.6179585456848145
1467.0,-7.030905723571777,5.418579578399658
1468.0,16.620067596435547,3.9674808979034424
1469.0,15.832512855529785,4.0585126876831055
1470.0,-7.571375846862793,5.7176737785339355
1471.0,2.4837732315063477,-9.755203247070312
1472.0,-7.564548492431641,5.629992961883545
1473.0,15.786066055297852,4.380436420440674
1474.0,2.290123462677002,-9.522191047668457
1475.0,16.694185256958008,3.574345588684082
1476.0,16.540578842163086,3.9951164722442627
1477.0,16.0080623626709,3.496094226837158
1478.0,16.401548385620117,4.068700313568115
1479.0,2.1204683780670166,-9.17240047454834
1480.0,16.09811019897461,3.8657991886138916
1481.0,5.597781658172607,17.877944946289062
1482.0,16.84322738647461,3.974038600921631
1483.0,-7.456546783447266,5.411863803863525
1484.0,2.213343620300293,-9.760796546936035
1485.0,-7.341391563415527,5.6614861488342285
1486.0,15.601654052734375,3.9373695850372314
1487.0,-6.823252201080322,5.630456924438477
1488.0,-6.902340412139893,5.912362098693848
1489.0,2.905867099761963,-9.599825859069824
1490.0,16.491596221923828,4.15506649017334
1491.0,15.180060386657715,3.9615533351898193
1492.0,-7.1112236976623535,6.25834321975708
1493.0,2.4678027629852295,-10.011507987976074
1494.0,16.59205436706543,3.7189061641693115
1495.0,-7.0689826011657715,6.1508073806762695
1496.0,2.106218099594116,-9.885151863098145
1497.0,16.61946678161621,3.6676735877990723
1498.0,-7.6374430656433105,5.519007682800293
1499.0,-6.882962703704834,6.151230335235596
1500.0,2.540081262588501,-9.354701042175293
1501.0,2.392427921295166,-9.869894027709961
1502.0,16.336503982543945,4.6811203956604
1503.0,15.660646438598633,3.985032558441162
1504.0,-7.308297634124756,6.365218162536621
1505.0,5.895855903625488,18.06587791442871
1506.0,-6.810701370239258,5.492861747741699
1507.0,2.3780205249786377,-9.340191841125488
1508.0,16.03740882873535,4.224277973175049
1509.0,2.0013678073883057,-9.529962539672852
1510.0,16.677013397216797,4.338268280029297
1511.0,-6.8173909187316895,5.8651442527771
1512.0,15.831648826599121,3.5502471923828125
1513.0,16.29445457458496,3.9418869018554688
1514.0,16.146556854248047,4.954322338104248
1515.0,2.327831745147705,-9.795615196228027
1516.0,-6.952997207641602,6.020450592041016
1517.0,15.390507698059082,4.277765274047852
1518.0,16.454755783081055,3.9620201587677
1519.0,15.450929641723633,4.505886554718018
1520.0,15.512797355651855,4.162067890167236
1521.0,16.493938446044922,3.858734130859375
1522.0,-7.418339729309082,6.001554012298584
1523.0,-6.875088691711426,6.49460506439209
1524.0,5.4144392013549805,17.727327346801758
1525.0,5.827054977416992,17.672313690185547
1526.0,-7.110434532165527,5.802425861358643
1527.0,5.753838062286377,17.842432022094727
1528.0,5.664944648742676,17.699003219604492
1529.0,16.546630859375,3.8324716091156006
1530.0,-7.676351070404053,6.316680908203125
1531.0,-7.088342666625977,6.668302059173584
1532.0,5.689586639404297,17.539335250854492
1533.0,15.41164493560791,3.513709306716919
1534.0,15.47315788269043,4.07761812210083
1535.0,-7.440742492675781,6.333794116973877
1536.0,-7.921657085418701,6.239200592041016
1537.0,15.78049373626709,4.118812084197998
1538.0,5.659700393676758,17.983936309814453
1539.0,16.77604103088379,4.430558681488037
1540.0,16.418764114379883,4.589008808135986
1541.0,15.934734344482422,3.8995511531829834
1542.0,16.226957321166992,3.3780734539031982
1543.0,-7.033148765563965,6.007430553436279
1544.0,15.308148384094238,3.8400261402130127
1545.0,5.457602024078369,17.801626205444336
1546.0,2.749464511871338,-9.070452690124512
1547.0,2.2577970027923584,-9.287315368652344
1548.0,-7.026023864746094,5.624939918518066
1549.0,15.868707656860352,3.221766233444214
1550.0,5.925968170166016,17.82260513305664
1551.0,2.4166038036346436,-9.151350021362305
1552.0,15.38525104522705,4.049417972564697
1553.0,2.165562868118286,-9.764554977416992
1554.0,15.793601036071777,4.319980144500732
1555.0,16.14356231689453,3.501612901687622
1556.0,-7.416942119598389,6.232798099517822
1557.0,-7.293616771697998,6.426063537597656
1558.0,16.046693801879883,3.7493667602539062
1559.0,5.5793609619140625,17.68108367919922
1560.0,5.395945072174072,17.67431640625
1561.0,15.533992767333984,3.831031084060669
1562.0,-6.94378137588501,6.147786617279053
1563.0,16.3221378326416,4.671749591827393
1564.0,5.550129413604736,17.688308715820312
1565.0,16.494775772094727,4.7738871574401855
1566.0,15.879124641418457,4.148512363433838
1567.0,-6.686014175415039,5.88944673538208
1568.0,-7.524386882781982,5.842835426330566
1569.0,2.5956125259399414,-9.634765625
1570.0,16.20142936706543,4.242856025695801
1571.0,16.243789672851562,4.078255653381348
1572.0,2.3530428409576416,-9.79935073852539
1573.0,-6.748814582824707,5.711380481719971
1574.0,5.416634559631348,17.66162109375
1575.0,15.979966163635254,4.012575149536133
1576.0,2.414799928665161,-9.245594024658203
1577.0,5.763152122497559,17.85111427307129
1578.0,16.524412155151367,4.2893500328063965
1579.0,-6.645096778869629,6.087245464324951
1580.0,16.172929763793945,4.572344779968262
1581.0,16.043712615966797,4.4934587478637695
1582.0,15.782699584960938,4.044490814208984
1583.0,-7.632066249847412,6.275059700012207
1584.0,2.111450433731079,-9.297872543334961
1585.0,-7.762573719024658,6.114358901977539
1586.0,-7.320960998535156,6.265237808227539
1587.0,16.586355209350586,4.40013313293457
1588.0,-6.876348495483398,6.2242512702941895
1589.0,-7.05262565612793,5.647068977355957
1590.0,5.736819267272949,17.94477653503418
1591.0,5.415754318237305,17.688396453857422
1592.0,2.1378402709960938,-9.851977348327637
1593.0,5.5630669593811035,17.631031036376953
1594.0,-7.019418716430664,6.2037811279296875
1595.0,-7.533689975738525,5.726626396179199
1596.0,-7.0754313468933105,6.021780014038086
1597.0,2.093662977218628,-9.721602439880371
1598.0,5.977989196777344,17.7525691986084
1599.0,-7.144162178039551,5.582551956176758
1600.0,2.650411605834961,-9.288981437683105
1601.0,2.2742624282836914,-9.571906089782715
1602.0,5.8935160636901855,17.821670532226562
1603.0,2.5935616493225098,-9.876330375671387
1604.0,2.4644031524658203,-9.654458045959473
1605.0,16.170442581176758,4.155519008636475
1606.0,-6.925914287567139,5.6330647468566895
1607.0,16.389394760131836,4.527505874633789
1608.0,-7.794773101806641,6.278060436248779
1609.0,16.064088821411133,3.641493797302246
1610.0,2.6193034648895264,-9.70993423461914
1611.0,15.869938850402832,3.547214984893799
1612.0,16.134153366088867,4.150628089904785
1613.0,15.510189056396484,4.419244289398193
1614.0,15.51618480682373,4.478088855743408
1615.0,-7.823543071746826,6.076463222503662
1616.0,2.763706922531128,-9.587823867797852
1617.0,15.40815258026123,3.8048856258392334
1618.0,16.069244384765625,3.516040563583374
1619.0,-7.597267150878906,6.474957466125488
1620.0,16.1871395111084,4.481809616088867
1621.0,15.992318153381348,3.9193718433380127
1622.0,2.183892250061035,-9.26319408416748
1623.0,5.7893571853637695,17.575756072998047
1624.0,-7.630124092102051,6.450889587402344
1625.0,-7.726728916168213,5.5601019859313965
1626.0,2.6608643531799316,-10.011336326599121
1627.0,-7.222239017486572,6.470396041870117
1628.0,2.541433095932007,-9.120665550231934
1629.0,2.182502031326294,-9.429645538330078
1630.0,15.719589233398438,4.053501605987549
1631.0,-7.324296951293945,5.364967346191406
1632.0,15.580413818359375,4.369937419891357
1633.0,5.869576454162598,18.002241134643555
1634.0,16.354036331176758,4.408833980560303
1635.0,16.227907180786133,4.598489761352539
1636.0,2.357403039932251,-9.731793403625488
1637.0,2.169926404953003,-9.201204299926758
1638.0,2.4671244621276855,-9.985601425170898
1639.0,5.616381645202637,17.703752517700195
1640.0,2.507030963897705,-9.441839218139648
1641.0,-7.266901969909668,5.737381458282471
1642.0,16.67285919189453,4.510657787322998
1643.0,2.8503119945526123,-9.392840385437012
1644.0,16.40013885498047,3.828199863433838
1645.0,5.728379726409912,17.857067108154297
1646.0,-7.55374002456665,6.153960704803467
1647.0,5.847253322601318,18.152997970581055
1648.0,-7.5579729080200195,5.400388717651367
1649.0,5.547963619232178,17.663585662841797
1650.0,5.547875881195068,17.942138671875
1651.0,-7.044101715087891,5.802927017211914
1652.0,15.520917892456055,3.981428861618042
1653.0,16.524845123291016,4.20543098449707
1654.0,5.689478397369385,17.77667808532715
1655.0,16.935867309570312,3.8592300415039062
1656.0,5.911963939666748,17.71827507019043
1657.0,2.760948896408081,-9.243413925170898
1658.0,2.469794273376465,-9.651145935058594
1659.0,15.700981140136719,3.98345685005188
1660.0,16.336610794067383,3.8138346672058105
1661.0,5.794311046600342,18.107044219970703
1662.0,16.54726219177246,4.2444071769714355
1663.0,-7.573996067047119,5.6394243240356445
1664.0,2.6988422870635986,-9.281005859375
1665.0,-7.372693061828613,6.188249111175537
1666.0,16.196931838989258,3.9494106769561768
1667.0,5.978567123413086,17.89427947998047
1668.0,2.2550597190856934,-9.878578186035156
1669.0,-7.5512375831604,6.188177108764648
1670.0,-7.2241106033325195,6.283631801605225
1671.0,-7.197211265563965,5.4567131996154785
1672.0,16.132526397705078,3.857006549835205
1673.0,-7.547898769378662,5.850766658782959
1674.0,-7.670861721038818,6.432503700256348
1675.0,-7.160266399383545,5.427794456481934
1676.0,-6.930082321166992,5.494068145751953
1677.0,15.944345474243164,3.4881575107574463
1678.0,-7.402186870574951,5.652716636657715
1679.0,-7.450965404510498,5.739266395568848
1680.0,16.260080337524414,3.5449886322021484
1681.0,5.560901641845703,17.937915802001953
1682.0,15.859283447265625,3.7243194580078125
1683.0,2.624824047088623,-9.549480438232422
1684.0,-7.220074653625488,5.988447666168213
1685.0,2.374176502227783,-9.598607063293457
1686.0,-7.1729044914245605,6.365637302398682
1687.0,2.209049940109253,-9.954680442810059
1688.0,5.810133934020996,18.047229766845703
1689.0,15.666590690612793,3.6496598720550537
1690.0,2.3012170791625977,-9.504341125488281
1691.0,-6.77863073348999,6.028199195861816
1692.0,2.569955825805664,-9.814498901367188
1693.0,16.561235427856445,4.240015506744385
1694.0,2.186391592025757,-9.396482467651367
1695.0,-7.241302490234375,6.188767910003662
1696.0,2.7642018795013428,-9.830453872680664
1697.0,5.761690616607666,17.863842010498047
1698.0,16.38539695739746,4.1215901374816895
1699.0,5.6019606590271,18.103681564331055
1700.0,15.474018096923828,4.426675796508789
1701.0,5.855527877807617,17.842742919921875
1702.0,2.5172927379608154,-9.614163398742676
1703.0,2.26455020904541,-9.393513679504395
1704.0,16.730554580688477,4.042849540710449
1705.0,-7.346983909606934,5.376981735229492
1706.0,15.539851188659668,4.3577880859375
1707.0,16.89584732055664,4.0430588722229
1708.0,2.5354936122894287,-10.062191009521484
1709.0,15.831572532653809,4.591588020324707
1710.0,16.690887451171875,4.364345550537109
1711.0,-7.185313701629639,5.93592643737793
1712.0,2.5234546661376953,-9.32345962524414
1713.0,-7.471035480499268,5.960830211639404
1714.0,5.841649532318115,17.893112182617188
1715.0,-7.344747066497803,5.621210098266602
1716.0,-7.033413887023926,5.557589530944824
1717.0,-6.940238952636719,5.658567428588867
1718.0,2.3217687606811523,-9.624605178833008
1719.0,-6.948109149932861,6.229333400726318
1720.0,-7.620127201080322,5.999532699584961
1721.0,2.672576427459717,-9.72481918334961
1722.0,-7.057539939880371,6.172134876251221
1723.0,16.422426223754883,4.038581848144531
1724.0,-7.254038333892822,5.531000137329102
1725.0,-7.953402519226074,5.941587448120117
1726.0,16.79300880432129,4.303295135498047
1727.0,5.559487819671631,17.578983306884766
1728.0,-7.151256561279297,6.089382648468018
1729.0,2.3313751220703125,-9.57248306274414
1730.0,16.645105361938477,4.710674285888672
1731.0,-7.717077255249023,6.333029747009277
1732.0,-7.388330936431885,5.9781413078308105
1733.0,-7.348139762878418,6.4185662269592285
1734.0,-7.263260841369629,6.0947113037109375
1735.0,15.586603164672852,3.7089083194732666
1736.0,5.823810577392578,17.621421813964844
1737.0,-7.94950532913208,5.959020614624023
1738.0,15.893804550170898,3.6079208850860596
1739.0,-7.383888244628906,5.853834629058838
1740.0,16.519561767578125,4.325824737548828
1741.0,-6.678606033325195,5.68079137802124
1742.0,-7.421341896057129,5.449410915374756
1743.0,-7.590902805328369,6.0780158042907715
1744.0,2.904613494873047,-9.745440483093262
1745.0,16.49505043029785,4.449157238006592
1746.0,-7.551647186279297,5.931875705718994
1747.0,2.3061397075653076,-9.122945785522461
1748.0,15.689974784851074,4.307352066040039
1749.0,5.9434919357299805,17.720136642456055
1750.0,-7.60707426071167,5.521468639373779
1751.0,16.59073829650879,4.161093711853027
1752.0,2.8553948402404785,-9.635522842407227
1753.0,16.209928512573242,4.869744777679443
1754.0,-6.974903583526611,6.068084716796875
1755.0,16.253694534301758,4.169088363647461
1756.0,2.6964356899261475,-9.736785888671875
1757.0,5.586069107055664,18.046998977661133
1758.0,16.124059677124023,4.0863728523254395
1759.0,5.818089008331299,18.013946533203125
1760.0,-7.639607906341553,6.019557952880859
1761.0,16.231813430786133,4.040743827819824
1762.0,-7.446605682373047,5.781274318695068
1763.0,16.221220016479492,4.361670017242432
1764.0,-7.0681843757629395,6.243028163909912
1765.0,2.3871612548828125,-9.06659984588623
1766.0,-7.341015338897705,5.824355602264404
1767.0,-7.538883209228516,5.545329570770264
1768.0,15.474760055541992,3.627450466156006
1769.0,2.33677339553833,-9.181370735168457
1770.0,15.704154014587402,4.377833843231201
1771.0,16.229856491088867,3.7633402347564697
1772.0,2.7257418632507324,-9.739692687988281
1773.0,16.3731632232666,4.0530195236206055
1774.0,16.455209732055664,4.401509761810303
1775.0,2.9107067584991455,-9.871986389160156
1776.0,5.767840385437012,17.9882869720459
1777.0,2.4107441902160645,-9.211949348449707
1778.0,-7.717194557189941,6.01353645324707
1779.0,15.950597763061523,3.9656014442443848
1780.0,-6.910322666168213,5.895528316497803
1781.0,16.47585105895996,4.572262763977051
1782.0,2.232771158218384,-9.721841812133789
1783.0,16.171354293823242,3.5601439476013184
1784.0,15.853536605834961,4.261290073394775
1785.0,16.24633026123047,4.64530611038208
1786.0,16.03504753112793,4.183051586151123
1787.0,5.428236961364746,17.958974838256836
1788.0,15.400724411010742,4.1112751960754395
1789.0,2.4235663414001465,-9.548276901245117
1790.0,2.3664658069610596,-9.471263885498047
1791.0,-6.767313480377197,5.977353572845459
1792.0,-7.20058012008667,6.386676788330078
1793.0,-7.742029666900635,6.341278553009033
1794.0,2.609571695327759,-9.984752655029297
1795.0,-7.570303916931152,6.127017974853516
1796.0,15.904952049255371,4.498526096343994
1797.0,-6.723514556884766,5.959539413452148
1798.0,-7.128338813781738,5.61533260345459
1799.0,16.56559944152832,4.600077152252197
1800.0,2.016536235809326,-9.507331848144531
1801.0,15.884827613830566,3.7905454635620117
1802.0,15.869009971618652,3.9250171184539795
1803.0,16.57539939880371,4.854486465454102
1804.0,15.67947769165039,3.9628071784973145
1805.0,-7.265492916107178,6.3140177726745605
1806.0,-7.578369617462158,6.180788040161133
1807.0,16.077165603637695,3.8916702270507812
1808.0,16.155492782592773,3.6312010288238525
1809.0,2.1574907302856445,-9.805405616760254
1810.0,-7.643375396728516,5.657231330871582
1811.0,-7.488699913024902,6.455129623413086
1812.0,-7.009522438049316,6.051760673522949
1813.0,5.576962471008301,18.1074161529541
1814.0,15.667094230651855,3.5777204036712646
1815.0,2.799954652786255,-9.609984397888184
1816.0,-7.060447692871094,5.945464611053467
1817.0,16.033946990966797,3.982694625854492
1818.0,5.598291873931885,18.0850887298584
1819.0,-7.697849273681641,5.607487678527832
1820.0,16.684450149536133,4.320635795593262
1821.0,16.22262954711914,3.464418888092041
1822.0,-7.2115654945373535,6.247426986694336
1823.0,-7.405501842498779,5.887764930725098
1824.0,2.61653470993042,-9.298171997070312
1825.0,-7.365542888641357,5.789960861206055
1826.0,16.05816078186035,4.321075439453125
1827.0,2.496000289916992,-9.887629508972168
1828.0,-6.995251655578613,6.128358364105225
1829.0,16.70637321472168,4.059469699859619
1830.0,15.96320915222168,4.027149200439453
1831.0,-7.539209842681885,6.087517738342285
1832.0,-6.866661548614502,6.463543891906738
1833.0,-7.359053134918213,6.078570365905762
1834.0,16.726497650146484,3.718217372894287
1835.0,5.838622093200684,17.79673194885254
1836.0,5.5052666664123535,17.72654914855957
1837.0,-7.408650875091553,6.265084266662598
1838.0,16.662696838378906,3.9355483055114746
1839.0,16.477170944213867,3.807177782058716
1840.0,-7.019689083099365,6.471269607543945
1841.0,-7.447979927062988,6.298502445220947
1842.0,16.02164077758789,4.266238212585449
1843.0,16.29155731201172,4.029877185821533
1844.0,16.234527587890625,4.476665019989014
1845.0,16.548683166503906,3.4359989166259766
1846.0,2.523857831954956,-9.74539566040039
1847.0,-7.022449493408203,6.359757900238037
1848.0,16.139524459838867,3.744983434677124
1849.0,15.827451705932617,4.028634071350098
1850.0,-7.198744773864746,6.099736213684082
1851.0,5.608729362487793,18.044437408447266
1852.0,-6.693118572235107,6.292452335357666
1853.0,16.707542419433594,4.158292770385742
1854.0,-7.280385494232178,6.328357219696045
1855.0,2.9069607257843018,-9.643257141113281
1856.0,16.608007431030273,4.800434589385986
1857.0,16.12178611755371,4.312020301818848
1858.0,-6.979638576507568,6.073452472686768
1859.0,5.85964822769165,18.00926399230957
1860.0,-7.126494407653809,5.88185453414917
1861.0,15.946589469909668,4.171872138977051
1862.0,-7.2100019454956055,6.040557384490967
1863.0,-7.668350696563721,6.031415939331055
1864.0,16.179840087890625,4.098583221435547
1865.0,15.806914329528809,4.215541362762451
1866.0,2.5568184852600098,-10.147834777832031
1867.0,16.114212036132812,4.364840030670166
1868.0,-6.957702159881592,6.259030818939209
1869.0,2.3676650524139404,-9.330511093139648
1870.0,-7.474712371826172,5.915660381317139
1871.0,15.87631893157959,3.683685779571533
1872.0,15.864255905151367,4.687167167663574
1873.0,5.582623481750488,17.883495330810547
1874.0,16.220434188842773,4.509152889251709
1875.0,15.706066131591797,4.2573628425598145
1876.0,-7.030489444732666,5.552812099456787
1877.0,5.686211585998535,17.7585391998291
1878.0,16.24542808532715,3.7811732292175293
1879.0,-7.340986728668213,5.819308280944824
1880.0,16.38900375366211,4.689130783081055
1881.0,16.590036392211914,4.338533401489258
1882.0,5.845442295074463,17.92719841003418
1883.0,-6.8679094314575195,5.939123630523682
1884.0,-6.895814418792725,5.615608215332031
1885.0,-7.137954235076904,5.977550506591797
1886.0,-7.115511417388916,6.115755081176758
1887.0,-7.953494071960449,6.170379638671875
1888.0,16.239734649658203,3.8277390003204346
1889.0,-7.215203285217285,6.087993621826172
1890.0,5.772348880767822,17.691696166992188
1891.0,16.441818237304688,4.151216983795166
1892.0,2.702113628387451,-9.463074684143066
1893.0,15.754021644592285,3.3260014057159424
1894.0,16.172439575195312,3.7208058834075928
1895.0,2.626349449157715,-9.098645210266113
1896.0,-7.605252742767334,6.402647495269775
1897.0,-7.320572376251221,5.780567169189453
1898.0,-7.0909905433654785,5.813448429107666
1899.0,15.905280113220215,4.774097442626953
1900.0,2.2869389057159424,-9.330141067504883
1901.0,5.544673442840576,17.964664459228516
1902.0,2.6350338459014893,-9.530893325805664
1903.0,5.505744457244873,17.79399871826172
1904.0,5.748603820800781,17.72270965576172
1905.0,16.135753631591797,3.7712583541870117
1906.0,5.507936000823975,17.625457763671875
1907.0,2.2859089374542236,-9.328165054321289
1908.0,-7.132839679718018,5.723807334899902
1909.0,16.33141326904297,4.718738555908203
1910.0,2.4321582317352295,-9.751184463500977
1911.0,2.86456298828125,-9.667102813720703
1912.0,5.770046234130859,17.791419982910156
1913.0,15.591168403625488,4.053997039794922
1914.0,2.7736968994140625,-9.534028053283691
1915.0,15.981773376464844,4.036951065063477
1916.0,15.484195709228516,3.5699260234832764
1917.0,-7.842661380767822,5.6387224197387695
1918.0,2.3636069297790527,-9.453715324401855
1919.0,5.640655517578125,17.82593536376953
1920.0,16.62217903137207,4.019709587097168
1921.0,5.803056716918945,17.86066436767578
1922.0,5.782657623291016,17.5468807220459
1923.0,5.608529090881348,17.879379272460938
1924.0,16.126876831054688,3.7734949588775635
1925.0,16.729875564575195,4.498153209686279
1926.0,-7.274519443511963,5.973367691040039
1927.0,16.289209365844727,4.505409240722656
1928.0,5.612286567687988,17.674360275268555
1929.0,16.00191307067871,4.954098701477051
1930.0,-6.864843368530273,6.198163032531738
1931.0,2.235126256942749,-9.22601318359375
1932.0,2.370187520980835,-9.380532264709473
1933.0,16.00365447998047,4.3574628829956055
1934.0,2.235069990158081,-9.758968353271484
1935.0,2.7413365840911865,-9.402140617370605
1936.0,-7.157886028289795,5.792516231536865
1937.0,15.924626350402832,4.245711803436279
1938.0,15.448235511779785,3.5236315727233887
1939.0,2.6205458641052246,-9.760042190551758
1940.0,15.890771865844727,4.184308052062988
1941.0,2.4505996704101562,-9.396804809570312
1942.0,5.431219100952148,17.71189308166504
1943.0,-7.349422454833984,6.184689521789551
1944.0,5.419265270233154,17.810029983520508
1945.0,-7.241094589233398,5.890928268432617
1946.0,15.8939847946167,3.7567646503448486
1947.0,-7.757162094116211,5.745734691619873
1948.0,-6.8539204597473145,6.225250720977783
1949.0,5.407992362976074,17.643220901489258
1950.0,-7.108029365539551,5.77123498916626
1951.0,15.318425178527832,3.664612293243408
1952.0,16.106489181518555,4.69173526763916
1953.0,-7.636699676513672,6.1227569580078125
1954.0,15.963939666748047,3.7970218658447266
1955.0,16.199384689331055,4.193037509918213
1956.0,-7.461064338684082,6.146120548248291
1957.0,-6.60328483581543,6.150169849395752
1958.0,5.898714065551758,17.825271606445312
1959.0,-7.53339147567749,5.7501220703125
1960.0,2.5442538261413574,-9.293885231018066
1961.0,2.4334475994110107,-9.469209671020508
1962.0,16.72509002685547,4.102109909057617
1963.0,16.241628646850586,4.388009071350098
1964.0,1.9637868404388428,-9.566224098205566
1965.0,16.377635955810547,4.67936897277832
1966.0,2.180781126022339,-9.252402305603027
1967.0,2.5725719928741455,-9.500520706176758
1968.0,-6.941696643829346,6.452654838562012
1969.0,-7.092634201049805,5.783525466918945
1970.0,-7.41271448135376,6.493022918701172
1971.0,2.2489089965820312,-9.788481712341309
1972.0,2.3502612113952637,-9.88752555847168
1973.0,-7.193598747253418,6.603036880493164
1974.0,-6.946126937866211,5.739052772521973
1975.0,-7.244109153747559,6.17119836807251
1976.0,-7.324830532073975,6.262821197509766
1977.0,2.51497745513916,-9.629734992980957
1978.0,-7.414604187011719,5.858245849609375
1979.0,-7.018810749053955,6.012758255004883
1980.0,15.770298957824707,3.4383749961853027
1981.0,16.66318130493164,4.045495510101318
1982.0,16.70000648498535,3.553046464920044
1983.0,5.481193542480469,17.78643798828125
1984.0,15.747093200683594,4.395483016967773
1985.0,5.737131595611572,17.7491397857666
1986.0,2.8412089347839355,-9.300247192382812
1987.0,15.897150039672852,4.121407508850098
1988.0,-7.1409077644348145,6.700460433959961
1989.0,15.80066967010498,4.25665807723999
1990.0,2.162050485610962,-9.28411865234375
1991.0,5.886721134185791,17.746366500854492
1992.0,16.149253845214844,4.654177665710449
1993.0,-7.399636268615723,5.909977912902832
1994.0,2.334594249725342,-9.665655136108398
1995.0,2.754455327987671,-9.683890342712402
1996.0,-7.008327007293701,6.330879211425781
1997.0,-7.613440990447998,6.3897504806518555
1998.0,16.150352478027344,3.8647923469543457
1999.0,2.765462636947632,-9.569223403930664
