mut_id,mut_label
0,chr10_1008
1,chr10_101
2,chr10_1036
3,chr10_1053
4,chr10_1071
5,chr10_1076
6,chr10_1087
7,chr10_1139
8,chr10_1171
9,chr10_1190
10,chr10_1211
11,chr10_1213
12,chr10_1220
13,chr10_1241
14,chr10_1244
15,chr10_1279
16,chr10_1298
17,chr10_1302
18,chr10_1348
19,chr10_1351
20,chr10_1383
21,chr10_1436
22,chr10_1438
23,chr10_1442
24,chr10_1443
25,chr10_145
26,chr10_1450
27,chr10_1459
28,chr10_147
29,chr10_1482
30,chr10_1484
31,chr10_1549
32,chr10_1622
33,chr10_1757
34,chr10_1799
35,chr10_1819
36,chr10_1846
37,chr10_1912
38,chr10_1928
39,chr10_1932
40,chr10_1954
41,chr10_1977
42,chr10_1981
43,chr10_209
44,chr10_2105
45,chr10_2134
46,chr10_2167
47,chr10_2190
48,chr10_2223
49,chr10_226
50,chr10_25
51,chr10_26
52,chr10_27
53,chr10_278
54,chr10_314
55,chr10_326
56,chr10_333
57,chr10_355
58,chr10_366
59,chr10_394
60,chr10_416
61,chr10_431
62,chr10_442
63,chr10_447
64,chr10_486
65,chr10_509
66,chr10_514
67,chr10_542
68,chr10_555
69,chr10_567
70,chr10_578
71,chr10_604
72,chr10_629
73,chr10_631
74,chr10_644
75,chr10_660
76,chr10_67
77,chr10_674
78,chr10_69
79,chr10_738
80,chr10_82
81,chr10_826
82,chr10_837
83,chr10_844
84,chr10_909
85,chr10_910
86,chr10_916
87,chr10_987
88,chr11_1024
89,chr11_1088
90,chr11_1090
91,chr11_1123
92,chr11_1142
93,chr11_1148
94,chr11_1150
95,chr11_1182
96,chr11_1226
97,chr11_1236
98,chr11_1237
99,chr11_1273
100,chr11_1309
101,chr11_134
102,chr11_1341
103,chr11_1355
104,chr11_1412
105,chr11_1417
106,chr11_1421
107,chr11_1454
108,chr11_148
109,chr11_1516
110,chr11_1575
111,chr11_1586
112,chr11_160
113,chr11_1615
114,chr11_1672
115,chr11_1680
116,chr11_1688
117,chr11_1698
118,chr11_172
119,chr11_1742
120,chr11_1750
121,chr11_1753
122,chr11_1789
123,chr11_1792
124,chr11_1823
125,chr11_1850
126,chr11_1855
127,chr11_1868
128,chr11_1876
129,chr11_190
130,chr11_1920
131,chr11_1927
132,chr11_1956
133,chr11_196
134,chr11_1970
135,chr11_1987
136,chr11_1999
137,chr11_2033
138,chr11_205
139,chr11_2069
140,chr11_2071
141,chr11_2084
142,chr11_2089
143,chr11_2112
144,chr11_2122
145,chr11_2125
146,chr11_2153
147,chr11_2209
148,chr11_2231
149,chr11_2235
150,chr11_2251
151,chr11_2252
152,chr11_2257
153,chr11_2271
154,chr11_2275
155,chr11_237
156,chr11_24
157,chr11_268
158,chr11_282
159,chr11_335
160,chr11_337
161,chr11_353
162,chr11_418
163,chr11_43
164,chr11_461
165,chr11_47
166,chr11_484
167,chr11_492
168,chr11_500
169,chr11_504
170,chr11_601
171,chr11_611
172,chr11_614
173,chr11_741
174,chr11_791
175,chr11_800
176,chr11_81
177,chr11_864
178,chr11_870
179,chr11_879
180,chr11_880
181,chr11_929
182,chr11_930
183,chr11_978
184,chr12_0
185,chr12_1026
186,chr12_1027
187,chr12_1039
188,chr12_1040
189,chr12_106
190,chr12_1074
191,chr12_1108
192,chr12_1109
193,chr12_1174
194,chr12_1208
195,chr12_1250
196,chr12_1258
197,chr12_1266
198,chr12_1294
199,chr12_1303
200,chr12_1335
201,chr12_1338
202,chr12_1345
203,chr12_1389
204,chr12_139
205,chr12_1391
206,chr12_1405
207,chr12_1501
208,chr12_1589
209,chr12_1666
210,chr12_1691
211,chr12_1702
212,chr12_1707
213,chr12_1716
214,chr12_1727
215,chr12_1734
216,chr12_1771
217,chr12_1779
218,chr12_1807
219,chr12_1812
220,chr12_1827
221,chr12_1841
222,chr12_1854
223,chr12_1866
224,chr12_1893
225,chr12_1897
226,chr12_1904
227,chr12_1915
228,chr12_1921
229,chr12_1963
230,chr12_1975
231,chr12_2027
232,chr12_2037
233,chr12_2070
234,chr12_2094
235,chr12_210
236,chr12_2143
237,chr12_2180
238,chr12_221
239,chr12_2227
240,chr12_2266
241,chr12_277
242,chr12_316
243,chr12_324
244,chr12_352
245,chr12_360
246,chr12_392
247,chr12_409
248,chr12_444
249,chr12_452
250,chr12_463
251,chr12_52
252,chr12_525
253,chr12_592
254,chr12_62
255,chr12_639
256,chr12_647
257,chr12_662
258,chr12_680
259,chr12_702
260,chr12_712
261,chr12_717
262,chr12_755
263,chr12_790
264,chr12_87
265,chr12_90
266,chr12_903
267,chr12_914
268,chr12_954
269,chr12_958
270,chr12_974
271,chr12_996
272,chr13_1009
273,chr13_105
274,chr13_1066
275,chr13_1096
276,chr13_1119
277,chr13_1124
278,chr13_1133
279,chr13_1151
280,chr13_1160
281,chr13_1184
282,chr13_1188
283,chr13_12
284,chr13_1207
285,chr13_1214
286,chr13_1261
287,chr13_1290
288,chr13_1314
289,chr13_133
290,chr13_1356
291,chr13_1372
292,chr13_1386
293,chr13_1451
294,chr13_1503
295,chr13_1513
296,chr13_1563
297,chr13_1571
298,chr13_1578
299,chr13_1604
300,chr13_1640
301,chr13_1692
302,chr13_17
303,chr13_1726
304,chr13_1782
305,chr13_1919
306,chr13_1923
307,chr13_1937
308,chr13_197
309,chr13_2023
310,chr13_2065
311,chr13_2068
312,chr13_2136
313,chr13_2149
314,chr13_216
315,chr13_2160
316,chr13_2161
317,chr13_2185
318,chr13_2215
319,chr13_2240
320,chr13_2242
321,chr13_2244
322,chr13_2249
323,chr13_2259
324,chr13_244
325,chr13_247
326,chr13_271
327,chr13_272
328,chr13_311
329,chr13_371
330,chr13_393
331,chr13_412
332,chr13_42
333,chr13_424
334,chr13_445
335,chr13_489
336,chr13_503
337,chr13_520
338,chr13_522
339,chr13_533
340,chr13_563
341,chr13_569
342,chr13_572
343,chr13_573
344,chr13_576
345,chr13_591
346,chr13_595
347,chr13_607
348,chr13_648
349,chr13_649
350,chr13_735
351,chr13_767
352,chr13_774
353,chr13_782
354,chr13_783
355,chr13_811
356,chr13_812
357,chr13_821
358,chr13_830
359,chr13_848
360,chr13_902
361,chr13_948
362,chr13_955
363,chr13_986
364,chr14_1022
365,chr14_1078
366,chr14_1127
367,chr14_1167
368,chr14_1186
369,chr14_1189
370,chr14_1235
371,chr14_1242
372,chr14_1254
373,chr14_1257
374,chr14_1393
375,chr14_1395
376,chr14_1424
377,chr14_1440
378,chr14_1470
379,chr14_1487
380,chr14_1504
381,chr14_1534
382,chr14_1542
383,chr14_1548
384,chr14_1566
385,chr14_1584
386,chr14_1602
387,chr14_1607
388,chr14_1633
389,chr14_164
390,chr14_169
391,chr14_1697
392,chr14_1711
393,chr14_1731
394,chr14_1752
395,chr14_1802
396,chr14_1809
397,chr14_1830
398,chr14_1832
399,chr14_1834
400,chr14_1867
401,chr14_1911
402,chr14_1918
403,chr14_1929
404,chr14_193
405,chr14_2015
406,chr14_2043
407,chr14_2072
408,chr14_2078
409,chr14_208
410,chr14_2121
411,chr14_2138
412,chr14_2148
413,chr14_2154
414,chr14_2178
415,chr14_2200
416,chr14_2214
417,chr14_2225
418,chr14_251
419,chr14_275
420,chr14_280
421,chr14_364
422,chr14_373
423,chr14_406
424,chr14_441
425,chr14_455
426,chr14_469
427,chr14_475
428,chr14_476
429,chr14_496
430,chr14_513
431,chr14_594
432,chr14_6
433,chr14_616
434,chr14_654
435,chr14_694
436,chr14_72
437,chr14_742
438,chr14_802
439,chr14_872
440,chr14_873
441,chr14_890
442,chr14_906
443,chr14_912
444,chr14_92
445,chr14_923
446,chr14_953
447,chr14_962
448,chr14_989
449,chr14_993
450,chr15_1000
451,chr15_1014
452,chr15_102
453,chr15_107
454,chr15_1104
455,chr15_1141
456,chr15_1162
457,chr15_1166
458,chr15_1197
459,chr15_1334
460,chr15_1431
461,chr15_1531
462,chr15_1581
463,chr15_1623
464,chr15_1684
465,chr15_1721
466,chr15_1851
467,chr15_1860
468,chr15_1881
469,chr15_1965
470,chr15_1973
471,chr15_2
472,chr15_2035
473,chr15_2061
474,chr15_2074
475,chr15_2080
476,chr15_211
477,chr15_213
478,chr15_2137
479,chr15_2166
480,chr15_2197
481,chr15_2208
482,chr15_222
483,chr15_224
484,chr15_240
485,chr15_241
486,chr15_262
487,chr15_320
488,chr15_403
489,chr15_446
490,chr15_474
491,chr15_54
492,chr15_58
493,chr15_580
494,chr15_584
495,chr15_663
496,chr15_672
497,chr15_709
498,chr15_733
499,chr15_824
500,chr15_825
501,chr15_834
502,chr15_861
503,chr15_887
504,chr15_89
505,chr15_946
506,chr16_1054
507,chr16_1058
508,chr16_1093
509,chr16_1102
510,chr16_1275
511,chr16_1284
512,chr16_1310
513,chr16_1326
514,chr16_1347
515,chr16_1359
516,chr16_1366
517,chr16_1420
518,chr16_1423
519,chr16_1426
520,chr16_1455
521,chr16_1456
522,chr16_1460
523,chr16_1468
524,chr16_1493
525,chr16_1519
526,chr16_159
527,chr16_1630
528,chr16_1674
529,chr16_1687
530,chr16_180
531,chr16_1838
532,chr16_1847
533,chr16_1871
534,chr16_1889
535,chr16_1895
536,chr16_1926
537,chr16_1980
538,chr16_1988
539,chr16_1990
540,chr16_1998
541,chr16_2009
542,chr16_2031
543,chr16_2092
544,chr16_2101
545,chr16_2110
546,chr16_2155
547,chr16_2186
548,chr16_2243
549,chr16_2254
550,chr16_23
551,chr16_235
552,chr16_261
553,chr16_270
554,chr16_391
555,chr16_410
556,chr16_430
557,chr16_433
558,chr16_460
559,chr16_546
560,chr16_575
561,chr16_643
562,chr16_681
563,chr16_743
564,chr16_795
565,chr16_849
566,chr16_863
567,chr16_886
568,chr16_896
569,chr16_935
570,chr16_966
571,chr16_991
572,chr16_998
573,chr17_1004
574,chr17_1060
575,chr17_108
576,chr17_1085
577,chr17_122
578,chr17_1248
579,chr17_125
580,chr17_1251
581,chr17_1256
582,chr17_126
583,chr17_1291
584,chr17_1360
585,chr17_1447
586,chr17_1500
587,chr17_1528
588,chr17_1533
589,chr17_1574
590,chr17_1606
591,chr17_1696
592,chr17_171
593,chr17_1715
594,chr17_1717
595,chr17_1741
596,chr17_177
597,chr17_1783
598,chr17_1785
599,chr17_1891
600,chr17_1905
601,chr17_1916
602,chr17_1945
603,chr17_1974
604,chr17_1989
605,chr17_199
606,chr17_2064
607,chr17_2095
608,chr17_2118
609,chr17_2172
610,chr17_2210
611,chr17_2233
612,chr17_227
613,chr17_290
614,chr17_343
615,chr17_379
616,chr17_385
617,chr17_413
618,chr17_421
619,chr17_472
620,chr17_499
621,chr17_528
622,chr17_53
623,chr17_538
624,chr17_585
625,chr17_600
626,chr17_606
627,chr17_612
628,chr17_697
629,chr17_732
630,chr17_785
631,chr17_804
632,chr17_817
633,chr17_820
634,chr17_833
635,chr17_850
636,chr17_884
637,chr17_889
638,chr17_901
639,chr17_907
640,chr17_936
641,chr17_945
642,chr18_1029
643,chr18_1034
644,chr18_1046
645,chr18_1055
646,chr18_1111
647,chr18_1155
648,chr18_116
649,chr18_1227
650,chr18_1299
651,chr18_1343
652,chr18_1352
653,chr18_140
654,chr18_1411
655,chr18_1414
656,chr18_1466
657,chr18_1524
658,chr18_1525
659,chr18_1546
660,chr18_1567
661,chr18_157
662,chr18_1603
663,chr18_1652
664,chr18_1713
665,chr18_1773
666,chr18_1826
667,chr18_188
668,chr18_1886
669,chr18_1922
670,chr18_1935
671,chr18_2001
672,chr18_2067
673,chr18_2168
674,chr18_2222
675,chr18_2226
676,chr18_2228
677,chr18_279
678,chr18_284
679,chr18_292
680,chr18_459
681,chr18_480
682,chr18_511
683,chr18_517
684,chr18_667
685,chr18_670
686,chr18_685
687,chr18_686
688,chr18_715
689,chr18_718
690,chr18_748
691,chr18_750
692,chr18_78
693,chr18_796
694,chr18_84
695,chr18_888
696,chr18_895
697,chr18_904
698,chr18_905
699,chr18_941
700,chr18_95
701,chr18_985
702,chr18_997
703,chr19_1204
704,chr19_1230
705,chr19_1259
706,chr19_1306
707,chr19_1358
708,chr19_1398
709,chr19_1413
710,chr19_1441
711,chr19_1457
712,chr19_1461
713,chr19_1539
714,chr19_1593
715,chr19_1627
716,chr19_1645
717,chr19_1722
718,chr19_1784
719,chr19_1796
720,chr19_18
721,chr19_1803
722,chr19_1887
723,chr19_194
724,chr19_2141
725,chr19_259
726,chr19_309
727,chr19_328
728,chr19_331
729,chr19_453
730,chr19_478
731,chr19_479
732,chr19_671
733,chr19_728
734,chr19_751
735,chr19_752
736,chr19_761
737,chr19_892
738,chr19_913
739,chr19_994
740,chr1_10
741,chr1_100
742,chr1_1001
743,chr1_1005
744,chr1_1012
745,chr1_1015
746,chr1_1028
747,chr1_103
748,chr1_1043
749,chr1_1050
750,chr1_1052
751,chr1_1061
752,chr1_1072
753,chr1_1073
754,chr1_1083
755,chr1_1086
756,chr1_1089
757,chr1_1091
758,chr1_1095
759,chr1_11
760,chr1_1101
761,chr1_1103
762,chr1_1105
763,chr1_111
764,chr1_1113
765,chr1_1114
766,chr1_1121
767,chr1_1130
768,chr1_1132
769,chr1_1137
770,chr1_1138
771,chr1_114
772,chr1_1149
773,chr1_1159
774,chr1_1164
775,chr1_1177
776,chr1_118
777,chr1_1181
778,chr1_1183
779,chr1_1191
780,chr1_1198
781,chr1_1200
782,chr1_1201
783,chr1_1202
784,chr1_1209
785,chr1_1212
786,chr1_1217
787,chr1_1218
788,chr1_1219
789,chr1_1225
790,chr1_1228
791,chr1_1231
792,chr1_1239
793,chr1_124
794,chr1_1247
795,chr1_1252
796,chr1_1260
797,chr1_1262
798,chr1_1263
799,chr1_1264
800,chr1_1269
801,chr1_127
802,chr1_1278
803,chr1_1292
804,chr1_1293
805,chr1_13
806,chr1_1304
807,chr1_1307
808,chr1_1308
809,chr1_1312
810,chr1_1315
811,chr1_1320
812,chr1_1330
813,chr1_1332
814,chr1_1339
815,chr1_1344
816,chr1_1350
817,chr1_1357
818,chr1_1362
819,chr1_1365
820,chr1_1368
821,chr1_1370
822,chr1_1376
823,chr1_1377
824,chr1_1378
825,chr1_1388
826,chr1_1404
827,chr1_1409
828,chr1_1415
829,chr1_1419
830,chr1_1425
831,chr1_1430
832,chr1_1432
833,chr1_1437
834,chr1_1439
835,chr1_1444
836,chr1_1448
837,chr1_1452
838,chr1_146
839,chr1_1465
840,chr1_1469
841,chr1_1471
842,chr1_1473
843,chr1_1476
844,chr1_1479
845,chr1_1485
846,chr1_1488
847,chr1_1494
848,chr1_15
849,chr1_1508
850,chr1_151
851,chr1_1510
852,chr1_1511
853,chr1_1526
854,chr1_153
855,chr1_1530
856,chr1_1535
857,chr1_1545
858,chr1_1547
859,chr1_1554
860,chr1_1557
861,chr1_1558
862,chr1_1559
863,chr1_1561
864,chr1_1562
865,chr1_1564
866,chr1_1568
867,chr1_1570
868,chr1_1579
869,chr1_1580
870,chr1_1585
871,chr1_1594
872,chr1_1595
873,chr1_1597
874,chr1_1599
875,chr1_16
876,chr1_1600
877,chr1_1611
878,chr1_1619
879,chr1_1624
880,chr1_1643
881,chr1_1648
882,chr1_1649
883,chr1_165
884,chr1_1650
885,chr1_1653
886,chr1_1660
887,chr1_1664
888,chr1_1668
889,chr1_1669
890,chr1_167
891,chr1_1675
892,chr1_1677
893,chr1_168
894,chr1_1683
895,chr1_1690
896,chr1_1703
897,chr1_1704
898,chr1_1709
899,chr1_1710
900,chr1_1718
901,chr1_1719
902,chr1_1730
903,chr1_1733
904,chr1_1736
905,chr1_1737
906,chr1_1751
907,chr1_1754
908,chr1_1759
909,chr1_1763
910,chr1_1769
911,chr1_1781
912,chr1_1786
913,chr1_1787
914,chr1_1790
915,chr1_1793
916,chr1_1805
917,chr1_1808
918,chr1_181
919,chr1_1810
920,chr1_1813
921,chr1_1815
922,chr1_1821
923,chr1_1822
924,chr1_1831
925,chr1_1837
926,chr1_184
927,chr1_1840
928,chr1_1842
929,chr1_1843
930,chr1_1849
931,chr1_1859
932,chr1_1869
933,chr1_1870
934,chr1_1872
935,chr1_1877
936,chr1_1882
937,chr1_1883
938,chr1_1901
939,chr1_1903
940,chr1_1906
941,chr1_1907
942,chr1_1908
943,chr1_191
944,chr1_1913
945,chr1_1914
946,chr1_1938
947,chr1_1941
948,chr1_1943
949,chr1_1947
950,chr1_1952
951,chr1_1959
952,chr1_1960
953,chr1_1972
954,chr1_1976
955,chr1_1982
956,chr1_1984
957,chr1_1985
958,chr1_1993
959,chr1_1994
960,chr1_1996
961,chr1_1997
962,chr1_2004
963,chr1_2013
964,chr1_2014
965,chr1_2016
966,chr1_2025
967,chr1_2030
968,chr1_2032
969,chr1_2042
970,chr1_2044
971,chr1_2047
972,chr1_2048
973,chr1_2050
974,chr1_2053
975,chr1_2054
976,chr1_2057
977,chr1_206
978,chr1_2075
979,chr1_2077
980,chr1_2079
981,chr1_2081
982,chr1_2082
983,chr1_2091
984,chr1_2093
985,chr1_2099
986,chr1_2104
987,chr1_2109
988,chr1_2113
989,chr1_2123
990,chr1_2126
991,chr1_2130
992,chr1_2133
993,chr1_2145
994,chr1_2147
995,chr1_215
996,chr1_2150
997,chr1_2156
998,chr1_2165
999,chr1_217
1000,chr1_2173
1001,chr1_2183
1002,chr1_2187
1003,chr1_2188
1004,chr1_219
1005,chr1_2193
1006,chr1_2196
1007,chr1_220
1008,chr1_2204
1009,chr1_2212
1010,chr1_2216
1011,chr1_2219
1012,chr1_2239
1013,chr1_2248
1014,chr1_225
1015,chr1_2253
1016,chr1_2262
1017,chr1_2270
1018,chr1_2274
1019,chr1_232
1020,chr1_233
1021,chr1_243
1022,chr1_245
1023,chr1_255
1024,chr1_258
1025,chr1_276
1026,chr1_281
1027,chr1_285
1028,chr1_287
1029,chr1_289
1030,chr1_295
1031,chr1_296
1032,chr1_299
1033,chr1_302
1034,chr1_304
1035,chr1_306
1036,chr1_307
1037,chr1_315
1038,chr1_325
1039,chr1_332
1040,chr1_339
1041,chr1_34
1042,chr1_341
1043,chr1_342
1044,chr1_346
1045,chr1_347
1046,chr1_354
1047,chr1_36
1048,chr1_362
1049,chr1_37
1050,chr1_372
1051,chr1_374
1052,chr1_375
1053,chr1_377
1054,chr1_38
1055,chr1_388
1056,chr1_390
1057,chr1_396
1058,chr1_398
1059,chr1_407
1060,chr1_408
1061,chr1_415
1062,chr1_420
1063,chr1_422
1064,chr1_425
1065,chr1_437
1066,chr1_44
1067,chr1_45
1068,chr1_450
1069,chr1_458
1070,chr1_462
1071,chr1_467
1072,chr1_473
1073,chr1_481
1074,chr1_488
1075,chr1_497
1076,chr1_5
1077,chr1_50
1078,chr1_501
1079,chr1_502
1080,chr1_510
1081,chr1_512
1082,chr1_518
1083,chr1_521
1084,chr1_523
1085,chr1_527
1086,chr1_530
1087,chr1_531
1088,chr1_534
1089,chr1_535
1090,chr1_537
1091,chr1_549
1092,chr1_551
1093,chr1_552
1094,chr1_554
1095,chr1_56
1096,chr1_560
1097,chr1_568
1098,chr1_57
1099,chr1_577
1100,chr1_579
1101,chr1_596
1102,chr1_597
1103,chr1_598
1104,chr1_602
1105,chr1_609
1106,chr1_621
1107,chr1_626
1108,chr1_627
1109,chr1_628
1110,chr1_63
1111,chr1_633
1112,chr1_635
1113,chr1_640
1114,chr1_642
1115,chr1_650
1116,chr1_651
1117,chr1_655
1118,chr1_657
1119,chr1_658
1120,chr1_66
1121,chr1_673
1122,chr1_68
1123,chr1_682
1124,chr1_692
1125,chr1_696
1126,chr1_700
1127,chr1_704
1128,chr1_706
1129,chr1_707
1130,chr1_71
1131,chr1_711
1132,chr1_725
1133,chr1_726
1134,chr1_734
1135,chr1_736
1136,chr1_737
1137,chr1_740
1138,chr1_747
1139,chr1_756
1140,chr1_758
1141,chr1_771
1142,chr1_778
1143,chr1_784
1144,chr1_788
1145,chr1_79
1146,chr1_792
1147,chr1_798
1148,chr1_805
1149,chr1_806
1150,chr1_814
1151,chr1_818
1152,chr1_829
1153,chr1_832
1154,chr1_843
1155,chr1_845
1156,chr1_846
1157,chr1_851
1158,chr1_852
1159,chr1_856
1160,chr1_857
1161,chr1_86
1162,chr1_878
1163,chr1_882
1164,chr1_885
1165,chr1_891
1166,chr1_898
1167,chr1_899
1168,chr1_900
1169,chr1_91
1170,chr1_917
1171,chr1_921
1172,chr1_93
1173,chr1_934
1174,chr1_944
1175,chr1_949
1176,chr1_96
1177,chr1_963
1178,chr1_969
1179,chr1_976
1180,chr1_981
1181,chr1_983
1182,chr1_984
1183,chr1_990
1184,chr1_995
1185,chr20_1021
1186,chr20_1023
1187,chr20_1064
1188,chr20_1079
1189,chr20_1249
1190,chr20_1285
1191,chr20_1322
1192,chr20_1399
1193,chr20_1416
1194,chr20_1505
1195,chr20_1509
1196,chr20_1527
1197,chr20_1544
1198,chr20_1555
1199,chr20_1576
1200,chr20_1596
1201,chr20_1598
1202,chr20_162
1203,chr20_1646
1204,chr20_1667
1205,chr20_1695
1206,chr20_1706
1207,chr20_1765
1208,chr20_1798
1209,chr20_189
1210,chr20_1948
1211,chr20_2040
1212,chr20_2045
1213,chr20_2058
1214,chr20_2102
1215,chr20_2159
1216,chr20_2177
1217,chr20_2202
1218,chr20_2234
1219,chr20_253
1220,chr20_49
1221,chr20_494
1222,chr20_550
1223,chr20_599
1224,chr20_605
1225,chr20_687
1226,chr20_786
1227,chr20_794
1228,chr20_803
1229,chr20_933
1230,chr20_965
1231,chr21_1033
1232,chr21_1081
1233,chr21_1146
1234,chr21_1287
1235,chr21_1406
1236,chr21_1463
1237,chr21_1565
1238,chr21_1654
1239,chr21_182
1240,chr21_1848
1241,chr21_1957
1242,chr21_2108
1243,chr21_2191
1244,chr21_230
1245,chr21_300
1246,chr21_359
1247,chr21_429
1248,chr21_440
1249,chr21_454
1250,chr21_548
1251,chr21_619
1252,chr21_653
1253,chr21_678
1254,chr21_75
1255,chr21_860
1256,chr21_972
1257,chr22_1063
1258,chr22_1084
1259,chr22_1128
1260,chr22_1158
1261,chr22_1289
1262,chr22_1316
1263,chr22_1325
1264,chr22_1327
1265,chr22_1392
1266,chr22_1458
1267,chr22_155
1268,chr22_1591
1269,chr22_1625
1270,chr22_1663
1271,chr22_178
1272,chr22_1816
1273,chr22_1824
1274,chr22_1944
1275,chr22_1950
1276,chr22_2034
1277,chr22_2041
1278,chr22_2051
1279,chr22_2052
1280,chr22_2060
1281,chr22_2111
1282,chr22_2119
1283,chr22_2194
1284,chr22_2195
1285,chr22_2238
1286,chr22_2267
1287,chr22_239
1288,chr22_322
1289,chr22_423
1290,chr22_426
1291,chr22_519
1292,chr22_652
1293,chr22_710
1294,chr22_827
1295,chr22_939
1296,chr2_1006
1297,chr2_1013
1298,chr2_1018
1299,chr2_1025
1300,chr2_1038
1301,chr2_104
1302,chr2_1041
1303,chr2_1045
1304,chr2_1048
1305,chr2_1110
1306,chr2_113
1307,chr2_1135
1308,chr2_1154
1309,chr2_1157
1310,chr2_1176
1311,chr2_1205
1312,chr2_1206
1313,chr2_121
1314,chr2_1210
1315,chr2_1216
1316,chr2_1222
1317,chr2_1223
1318,chr2_1229
1319,chr2_1274
1320,chr2_1276
1321,chr2_129
1322,chr2_1313
1323,chr2_1324
1324,chr2_1342
1325,chr2_1354
1326,chr2_1363
1327,chr2_1382
1328,chr2_1385
1329,chr2_1396
1330,chr2_1401
1331,chr2_1434
1332,chr2_1453
1333,chr2_1490
1334,chr2_1498
1335,chr2_1502
1336,chr2_1506
1337,chr2_1514
1338,chr2_1518
1339,chr2_1543
1340,chr2_1551
1341,chr2_1552
1342,chr2_1588
1343,chr2_1618
1344,chr2_1621
1345,chr2_1626
1346,chr2_1631
1347,chr2_1637
1348,chr2_1647
1349,chr2_1655
1350,chr2_166
1351,chr2_1670
1352,chr2_1700
1353,chr2_1708
1354,chr2_1724
1355,chr2_1728
1356,chr2_1729
1357,chr2_1732
1358,chr2_1735
1359,chr2_1738
1360,chr2_1743
1361,chr2_1747
1362,chr2_1749
1363,chr2_1760
1364,chr2_1766
1365,chr2_1772
1366,chr2_1774
1367,chr2_1780
1368,chr2_1791
1369,chr2_1818
1370,chr2_1820
1371,chr2_1836
1372,chr2_1845
1373,chr2_185
1374,chr2_1852
1375,chr2_1858
1376,chr2_1878
1377,chr2_1940
1378,chr2_1958
1379,chr2_1961
1380,chr2_1964
1381,chr2_2000
1382,chr2_2007
1383,chr2_2008
1384,chr2_2017
1385,chr2_2018
1386,chr2_2038
1387,chr2_2039
1388,chr2_21
1389,chr2_2103
1390,chr2_2106
1391,chr2_2107
1392,chr2_2117
1393,chr2_2120
1394,chr2_2128
1395,chr2_2132
1396,chr2_2151
1397,chr2_2157
1398,chr2_2162
1399,chr2_2163
1400,chr2_2170
1401,chr2_2184
1402,chr2_2198
1403,chr2_22
1404,chr2_2217
1405,chr2_2229
1406,chr2_2256
1407,chr2_2263
1408,chr2_264
1409,chr2_274
1410,chr2_293
1411,chr2_303
1412,chr2_319
1413,chr2_348
1414,chr2_351
1415,chr2_384
1416,chr2_386
1417,chr2_400
1418,chr2_402
1419,chr2_417
1420,chr2_419
1421,chr2_427
1422,chr2_432
1423,chr2_435
1424,chr2_439
1425,chr2_457
1426,chr2_46
1427,chr2_468
1428,chr2_483
1429,chr2_507
1430,chr2_51
1431,chr2_540
1432,chr2_541
1433,chr2_55
1434,chr2_587
1435,chr2_61
1436,chr2_622
1437,chr2_624
1438,chr2_656
1439,chr2_661
1440,chr2_664
1441,chr2_668
1442,chr2_688
1443,chr2_689
1444,chr2_693
1445,chr2_70
1446,chr2_720
1447,chr2_724
1448,chr2_739
1449,chr2_745
1450,chr2_759
1451,chr2_762
1452,chr2_766
1453,chr2_770
1454,chr2_779
1455,chr2_789
1456,chr2_797
1457,chr2_808
1458,chr2_815
1459,chr2_85
1460,chr2_855
1461,chr2_869
1462,chr2_911
1463,chr2_919
1464,chr2_942
1465,chr2_964
1466,chr2_970
1467,chr3_1010
1468,chr3_1019
1469,chr3_1020
1470,chr3_1044
1471,chr3_1047
1472,chr3_1051
1473,chr3_1057
1474,chr3_1065
1475,chr3_1100
1476,chr3_1129
1477,chr3_1134
1478,chr3_1144
1479,chr3_1147
1480,chr3_115
1481,chr3_1161
1482,chr3_1173
1483,chr3_1193
1484,chr3_1195
1485,chr3_1215
1486,chr3_1221
1487,chr3_1253
1488,chr3_1270
1489,chr3_1271
1490,chr3_1272
1491,chr3_1277
1492,chr3_1280
1493,chr3_130
1494,chr3_1317
1495,chr3_1323
1496,chr3_1329
1497,chr3_1331
1498,chr3_1407
1499,chr3_1418
1500,chr3_1429
1501,chr3_143
1502,chr3_1445
1503,chr3_1477
1504,chr3_1483
1505,chr3_1492
1506,chr3_1495
1507,chr3_1517
1508,chr3_1520
1509,chr3_1521
1510,chr3_1523
1511,chr3_1529
1512,chr3_1538
1513,chr3_156
1514,chr3_1572
1515,chr3_1582
1516,chr3_1587
1517,chr3_1590
1518,chr3_1608
1519,chr3_1612
1520,chr3_1617
1521,chr3_1629
1522,chr3_1634
1523,chr3_1641
1524,chr3_1644
1525,chr3_1662
1526,chr3_1725
1527,chr3_174
1528,chr3_1761
1529,chr3_1814
1530,chr3_1829
1531,chr3_1833
1532,chr3_1835
1533,chr3_1839
1534,chr3_1857
1535,chr3_1874
1536,chr3_1880
1537,chr3_1917
1538,chr3_1934
1539,chr3_1983
1540,chr3_1991
1541,chr3_1992
1542,chr3_200
1543,chr3_2003
1544,chr3_2012
1545,chr3_202
1546,chr3_204
1547,chr3_2046
1548,chr3_2087
1549,chr3_2088
1550,chr3_214
1551,chr3_2144
1552,chr3_2169
1553,chr3_218
1554,chr3_2192
1555,chr3_2201
1556,chr3_2203
1557,chr3_2237
1558,chr3_2255
1559,chr3_2260
1560,chr3_2269
1561,chr3_234
1562,chr3_248
1563,chr3_250
1564,chr3_269
1565,chr3_28
1566,chr3_286
1567,chr3_313
1568,chr3_33
1569,chr3_330
1570,chr3_334
1571,chr3_344
1572,chr3_350
1573,chr3_356
1574,chr3_370
1575,chr3_434
1576,chr3_449
1577,chr3_464
1578,chr3_470
1579,chr3_477
1580,chr3_493
1581,chr3_506
1582,chr3_508
1583,chr3_524
1584,chr3_564
1585,chr3_574
1586,chr3_586
1587,chr3_589
1588,chr3_613
1589,chr3_65
1590,chr3_669
1591,chr3_677
1592,chr3_679
1593,chr3_708
1594,chr3_713
1595,chr3_754
1596,chr3_765
1597,chr3_787
1598,chr3_8
1599,chr3_822
1600,chr3_828
1601,chr3_83
1602,chr3_831
1603,chr3_836
1604,chr3_838
1605,chr3_877
1606,chr3_926
1607,chr3_956
1608,chr3_957
1609,chr3_975
1610,chr3_98
1611,chr4_1059
1612,chr4_1092
1613,chr4_1098
1614,chr4_1156
1615,chr4_1165
1616,chr4_1169
1617,chr4_1170
1618,chr4_1172
1619,chr4_1175
1620,chr4_119
1621,chr4_1192
1622,chr4_1194
1623,chr4_1232
1624,chr4_1240
1625,chr4_1283
1626,chr4_131
1627,chr4_132
1628,chr4_1321
1629,chr4_1328
1630,chr4_1361
1631,chr4_1371
1632,chr4_1379
1633,chr4_141
1634,chr4_1462
1635,chr4_149
1636,chr4_158
1637,chr4_1583
1638,chr4_1592
1639,chr4_1601
1640,chr4_161
1641,chr4_1616
1642,chr4_1628
1643,chr4_1639
1644,chr4_1656
1645,chr4_1658
1646,chr4_1659
1647,chr4_1671
1648,chr4_1689
1649,chr4_1705
1650,chr4_1739
1651,chr4_1756
1652,chr4_1758
1653,chr4_1764
1654,chr4_179
1655,chr4_1801
1656,chr4_1804
1657,chr4_1853
1658,chr4_1885
1659,chr4_1888
1660,chr4_1896
1661,chr4_1925
1662,chr4_1930
1663,chr4_1931
1664,chr4_1939
1665,chr4_1949
1666,chr4_1978
1667,chr4_1986
1668,chr4_201
1669,chr4_2022
1670,chr4_2028
1671,chr4_2076
1672,chr4_2086
1673,chr4_2115
1674,chr4_2158
1675,chr4_2206
1676,chr4_2213
1677,chr4_2218
1678,chr4_2236
1679,chr4_236
1680,chr4_267
1681,chr4_301
1682,chr4_310
1683,chr4_327
1684,chr4_357
1685,chr4_376
1686,chr4_382
1687,chr4_389
1688,chr4_451
1689,chr4_456
1690,chr4_471
1691,chr4_487
1692,chr4_490
1693,chr4_495
1694,chr4_498
1695,chr4_544
1696,chr4_582
1697,chr4_60
1698,chr4_615
1699,chr4_676
1700,chr4_714
1701,chr4_731
1702,chr4_753
1703,chr4_773
1704,chr4_781
1705,chr4_801
1706,chr4_823
1707,chr4_835
1708,chr4_853
1709,chr4_874
1710,chr4_875
1711,chr4_931
1712,chr4_959
1713,chr4_968
1714,chr4_99
1715,chr4_992
1716,chr4_999
1717,chr5_1017
1718,chr5_1032
1719,chr5_1035
1720,chr5_1062
1721,chr5_1097
1722,chr5_1099
1723,chr5_1115
1724,chr5_112
1725,chr5_1126
1726,chr5_1131
1727,chr5_1152
1728,chr5_1180
1729,chr5_120
1730,chr5_123
1731,chr5_1238
1732,chr5_1245
1733,chr5_1255
1734,chr5_1268
1735,chr5_1295
1736,chr5_1300
1737,chr5_1301
1738,chr5_1311
1739,chr5_1318
1740,chr5_1340
1741,chr5_1349
1742,chr5_1364
1743,chr5_1374
1744,chr5_1381
1745,chr5_14
1746,chr5_1400
1747,chr5_1402
1748,chr5_1408
1749,chr5_1422
1750,chr5_1486
1751,chr5_1491
1752,chr5_1496
1753,chr5_1512
1754,chr5_1515
1755,chr5_152
1756,chr5_1532
1757,chr5_1550
1758,chr5_1556
1759,chr5_1573
1760,chr5_1661
1761,chr5_1679
1762,chr5_1693
1763,chr5_1701
1764,chr5_1712
1765,chr5_1720
1766,chr5_1740
1767,chr5_1745
1768,chr5_1748
1769,chr5_1755
1770,chr5_1776
1771,chr5_1794
1772,chr5_1828
1773,chr5_187
1774,chr5_1879
1775,chr5_1890
1776,chr5_1892
1777,chr5_1898
1778,chr5_1924
1779,chr5_1946
1780,chr5_1968
1781,chr5_1969
1782,chr5_198
1783,chr5_20
1784,chr5_2006
1785,chr5_2026
1786,chr5_203
1787,chr5_2062
1788,chr5_2073
1789,chr5_2090
1790,chr5_2114
1791,chr5_2127
1792,chr5_2142
1793,chr5_2176
1794,chr5_2207
1795,chr5_2211
1796,chr5_223
1797,chr5_2230
1798,chr5_2232
1799,chr5_2241
1800,chr5_2247
1801,chr5_2264
1802,chr5_2268
1803,chr5_2273
1804,chr5_2277
1805,chr5_238
1806,chr5_246
1807,chr5_265
1808,chr5_273
1809,chr5_297
1810,chr5_308
1811,chr5_31
1812,chr5_321
1813,chr5_329
1814,chr5_336
1815,chr5_340
1816,chr5_358
1817,chr5_367
1818,chr5_368
1819,chr5_381
1820,chr5_39
1821,chr5_40
1822,chr5_404
1823,chr5_436
1824,chr5_443
1825,chr5_526
1826,chr5_565
1827,chr5_570
1828,chr5_583
1829,chr5_59
1830,chr5_590
1831,chr5_593
1832,chr5_608
1833,chr5_610
1834,chr5_620
1835,chr5_634
1836,chr5_637
1837,chr5_641
1838,chr5_645
1839,chr5_646
1840,chr5_659
1841,chr5_666
1842,chr5_675
1843,chr5_683
1844,chr5_701
1845,chr5_723
1846,chr5_727
1847,chr5_729
1848,chr5_730
1849,chr5_76
1850,chr5_764
1851,chr5_777
1852,chr5_780
1853,chr5_810
1854,chr5_839
1855,chr5_842
1856,chr5_859
1857,chr5_908
1858,chr5_918
1859,chr5_920
1860,chr5_943
1861,chr5_947
1862,chr5_950
1863,chr5_977
1864,chr6_1002
1865,chr6_1016
1866,chr6_1030
1867,chr6_1049
1868,chr6_1070
1869,chr6_1106
1870,chr6_1153
1871,chr6_1163
1872,chr6_1168
1873,chr6_1178
1874,chr6_1179
1875,chr6_1185
1876,chr6_1199
1877,chr6_1224
1878,chr6_1265
1879,chr6_1267
1880,chr6_1281
1881,chr6_135
1882,chr6_1353
1883,chr6_136
1884,chr6_1367
1885,chr6_1380
1886,chr6_142
1887,chr6_1433
1888,chr6_144
1889,chr6_1449
1890,chr6_1472
1891,chr6_1474
1892,chr6_1475
1893,chr6_1480
1894,chr6_1481
1895,chr6_1497
1896,chr6_1522
1897,chr6_1632
1898,chr6_1673
1899,chr6_1686
1900,chr6_170
1901,chr6_1723
1902,chr6_1762
1903,chr6_1770
1904,chr6_1777
1905,chr6_1778
1906,chr6_1788
1907,chr6_1806
1908,chr6_183
1909,chr6_1856
1910,chr6_1862
1911,chr6_1875
1912,chr6_1894
1913,chr6_1899
1914,chr6_1910
1915,chr6_192
1916,chr6_1933
1917,chr6_195
1918,chr6_1953
1919,chr6_1967
1920,chr6_2002
1921,chr6_2011
1922,chr6_2019
1923,chr6_2020
1924,chr6_2024
1925,chr6_2036
1926,chr6_2055
1927,chr6_2096
1928,chr6_2097
1929,chr6_2146
1930,chr6_2175
1931,chr6_2181
1932,chr6_2220
1933,chr6_2221
1934,chr6_2224
1935,chr6_2272
1936,chr6_231
1937,chr6_249
1938,chr6_254
1939,chr6_260
1940,chr6_266
1941,chr6_288
1942,chr6_29
1943,chr6_30
1944,chr6_317
1945,chr6_318
1946,chr6_361
1947,chr6_369
1948,chr6_380
1949,chr6_395
1950,chr6_4
1951,chr6_405
1952,chr6_438
1953,chr6_516
1954,chr6_553
1955,chr6_557
1956,chr6_558
1957,chr6_566
1958,chr6_665
1959,chr6_684
1960,chr6_690
1961,chr6_705
1962,chr6_721
1963,chr6_744
1964,chr6_746
1965,chr6_77
1966,chr6_772
1967,chr6_775
1968,chr6_776
1969,chr6_799
1970,chr6_807
1971,chr6_809
1972,chr6_819
1973,chr6_881
1974,chr6_893
1975,chr6_915
1976,chr6_922
1977,chr6_952
1978,chr6_967
1979,chr6_979
1980,chr6_982
1981,chr7_1094
1982,chr7_110
1983,chr7_1112
1984,chr7_1143
1985,chr7_1187
1986,chr7_1203
1987,chr7_1234
1988,chr7_1282
1989,chr7_1288
1990,chr7_1296
1991,chr7_1305
1992,chr7_1336
1993,chr7_1369
1994,chr7_138
1995,chr7_1387
1996,chr7_1397
1997,chr7_1403
1998,chr7_1410
1999,chr7_1478
2000,chr7_150
2001,chr7_1537
2002,chr7_154
2003,chr7_1541
2004,chr7_1577
2005,chr7_1605
2006,chr7_1614
2007,chr7_1620
2008,chr7_1638
2009,chr7_1642
2010,chr7_1665
2011,chr7_1676
2012,chr7_1678
2013,chr7_1694
2014,chr7_1744
2015,chr7_1746
2016,chr7_175
2017,chr7_176
2018,chr7_1775
2019,chr7_1811
2020,chr7_1817
2021,chr7_1825
2022,chr7_186
2023,chr7_1902
2024,chr7_1909
2025,chr7_1966
2026,chr7_1971
2027,chr7_2049
2028,chr7_2056
2029,chr7_2059
2030,chr7_2063
2031,chr7_2066
2032,chr7_2116
2033,chr7_212
2034,chr7_2152
2035,chr7_2174
2036,chr7_2182
2037,chr7_2189
2038,chr7_2245
2039,chr7_2246
2040,chr7_2250
2041,chr7_228
2042,chr7_242
2043,chr7_263
2044,chr7_283
2045,chr7_298
2046,chr7_305
2047,chr7_32
2048,chr7_323
2049,chr7_338
2050,chr7_345
2051,chr7_349
2052,chr7_35
2053,chr7_363
2054,chr7_365
2055,chr7_397
2056,chr7_399
2057,chr7_414
2058,chr7_465
2059,chr7_466
2060,chr7_48
2061,chr7_482
2062,chr7_491
2063,chr7_515
2064,chr7_539
2065,chr7_562
2066,chr7_588
2067,chr7_618
2068,chr7_632
2069,chr7_691
2070,chr7_7
2071,chr7_703
2072,chr7_768
2073,chr7_813
2074,chr7_816
2075,chr7_841
2076,chr7_858
2077,chr7_865
2078,chr7_866
2079,chr7_867
2080,chr7_868
2081,chr7_871
2082,chr7_894
2083,chr7_897
2084,chr7_924
2085,chr7_928
2086,chr7_932
2087,chr7_94
2088,chr7_960
2089,chr8_1
2090,chr8_1003
2091,chr8_1007
2092,chr8_1011
2093,chr8_1042
2094,chr8_1056
2095,chr8_1067
2096,chr8_1075
2097,chr8_1082
2098,chr8_1107
2099,chr8_1116
2100,chr8_1117
2101,chr8_1120
2102,chr8_1122
2103,chr8_1125
2104,chr8_1136
2105,chr8_1233
2106,chr8_1243
2107,chr8_1246
2108,chr8_128
2109,chr8_1286
2110,chr8_1319
2111,chr8_1333
2112,chr8_1337
2113,chr8_1346
2114,chr8_137
2115,chr8_1373
2116,chr8_1375
2117,chr8_1384
2118,chr8_1390
2119,chr8_1394
2120,chr8_1467
2121,chr8_1489
2122,chr8_1499
2123,chr8_1507
2124,chr8_1540
2125,chr8_1560
2126,chr8_1609
2127,chr8_1610
2128,chr8_163
2129,chr8_1635
2130,chr8_1681
2131,chr8_1685
2132,chr8_1699
2133,chr8_1714
2134,chr8_173
2135,chr8_1767
2136,chr8_1797
2137,chr8_1800
2138,chr8_1844
2139,chr8_1861
2140,chr8_1863
2141,chr8_1865
2142,chr8_1873
2143,chr8_19
2144,chr8_1900
2145,chr8_1936
2146,chr8_1951
2147,chr8_1955
2148,chr8_1962
2149,chr8_207
2150,chr8_2083
2151,chr8_2100
2152,chr8_2124
2153,chr8_2131
2154,chr8_2135
2155,chr8_2139
2156,chr8_2140
2157,chr8_2164
2158,chr8_2171
2159,chr8_2179
2160,chr8_2199
2161,chr8_2205
2162,chr8_2261
2163,chr8_2276
2164,chr8_256
2165,chr8_257
2166,chr8_291
2167,chr8_294
2168,chr8_3
2169,chr8_312
2170,chr8_383
2171,chr8_41
2172,chr8_411
2173,chr8_448
2174,chr8_529
2175,chr8_536
2176,chr8_543
2177,chr8_556
2178,chr8_559
2179,chr8_571
2180,chr8_581
2181,chr8_617
2182,chr8_623
2183,chr8_695
2184,chr8_716
2185,chr8_722
2186,chr8_73
2187,chr8_74
2188,chr8_749
2189,chr8_760
2190,chr8_763
2191,chr8_840
2192,chr8_862
2193,chr8_876
2194,chr8_88
2195,chr8_9
2196,chr8_925
2197,chr8_927
2198,chr8_937
2199,chr8_938
2200,chr8_940
2201,chr8_951
2202,chr8_97
2203,chr8_971
2204,chr8_980
2205,chr8_988
2206,chr9_1031
2207,chr9_1037
2208,chr9_1068
2209,chr9_1069
2210,chr9_1077
2211,chr9_1080
2212,chr9_109
2213,chr9_1118
2214,chr9_1140
2215,chr9_1145
2216,chr9_117
2217,chr9_1196
2218,chr9_1297
2219,chr9_1427
2220,chr9_1428
2221,chr9_1435
2222,chr9_1446
2223,chr9_1464
2224,chr9_1536
2225,chr9_1553
2226,chr9_1569
2227,chr9_1613
2228,chr9_1636
2229,chr9_1651
2230,chr9_1657
2231,chr9_1682
2232,chr9_1768
2233,chr9_1795
2234,chr9_1864
2235,chr9_1884
2236,chr9_1942
2237,chr9_1979
2238,chr9_1995
2239,chr9_2005
2240,chr9_2010
2241,chr9_2021
2242,chr9_2029
2243,chr9_2085
2244,chr9_2098
2245,chr9_2129
2246,chr9_2258
2247,chr9_2265
2248,chr9_229
2249,chr9_252
2250,chr9_378
2251,chr9_387
2252,chr9_401
2253,chr9_428
2254,chr9_485
2255,chr9_505
2256,chr9_532
2257,chr9_545
2258,chr9_547
2259,chr9_561
2260,chr9_603
2261,chr9_625
2262,chr9_630
2263,chr9_636
2264,chr9_638
2265,chr9_64
2266,chr9_698
2267,chr9_699
2268,chr9_719
2269,chr9_757
2270,chr9_769
2271,chr9_793
2272,chr9_80
2273,chr9_847
2274,chr9_854
2275,chr9_883
2276,chr9_961
2277,chr9_973
